,season,week,home,away,game_result,yppa_diff,rush_diff,drive_points_diff,turnover_diff,sack_yards_diff,sack_times_diff
3201,2014,1,Seahawks,Packers,1,1.5,1.7999999999999998,2.0,0,-14,-2
3202,2014,1,Falcons,Saints,1,2.4000000000000004,-0.09999999999999964,-0.040000000000000036,-1,3,1
3203,2014,1,Bears,Bills,0,-0.5999999999999996,-1.0,-0.25,2,2,1
3204,2014,1,Chiefs,Titans,0,-2.3000000000000007,-0.3999999999999999,-1.23,3,1,0
3205,2014,1,Rams,Vikings,0,0.0,-2.5,-2.59,2,27,5
3206,2014,1,Dolphins,Patriots,1,1.2999999999999998,0.5999999999999996,0.8199999999999998,1,-14,-3
3207,2014,1,Jets,Raiders,1,2.3999999999999995,4.5,0.41000000000000014,2,13,0
3208,2014,1,Eagles,Jaguars,1,0.5,1.7999999999999998,1.21,2,23,2
3209,2014,1,Steelers,Browns,1,4.1,-1.7999999999999998,0.06000000000000005,1,-10,0
3210,2014,1,Ravens,Bengals,0,-2.6000000000000005,1.7000000000000002,-0.5899999999999999,2,16,3
3211,2014,1,Texans,Redskins,1,2.9000000000000004,-2.3000000000000003,1.15,-1,-26,-3
3212,2014,1,Cowboys,49ers,0,-1.4000000000000004,1.2999999999999998,-1.41,4,17,2
3213,2014,1,Buccaneers,Panthers,0,-1.9000000000000004,2.6,-0.55,3,12,2
3214,2014,1,Broncos,Colts,1,0.5,-0.6999999999999997,0.5800000000000001,-2,-6,-2
3215,2014,1,Lions,Giants,1,6.299999999999999,0.10000000000000009,1.7800000000000002,-2,-14,-1
3216,2014,1,Cardinals,Chargers,1,1.3000000000000007,2.0,-0.050000000000000044,1,10,2
3217,2014,2,Ravens,Steelers,1,0.20000000000000018,-1.0999999999999996,1.9300000000000002,-3,-15,-2
3218,2014,2,Bills,Dolphins,1,3.5,-0.3999999999999999,1.4,-2,-31,-4
3219,2014,2,Bengals,Falcons,1,7.8,-1.2999999999999998,1.0899999999999999,-3,-19,-2
3220,2014,2,Browns,Saints,1,-0.6999999999999993,-2.3000000000000007,0.41999999999999993,-2,-12,-1
3221,2014,2,Titans,Cowboys,0,1.7000000000000002,1.2000000000000002,-1.5299999999999998,1,-26,-2
3222,2014,2,Vikings,Patriots,0,-2.3,-1.2999999999999998,-2.19,4,32,5
3223,2014,2,Giants,Cardinals,0,1.7999999999999998,-1.4000000000000004,-1.0,4,-8,-2
3224,2014,2,Redskins,Jaguars,1,2.8,2.0,2.32,-1,-40,-7
3225,2014,2,Panthers,Lions,1,2.1000000000000005,-1.2999999999999998,1.27,-3,-8,0
3226,2014,2,Chargers,Seahawks,1,0.2999999999999998,-5.6000000000000005,0.8999999999999999,-1,-14,-1
3227,2014,2,Buccaneers,Rams,0,0.7000000000000011,1.1000000000000005,-0.49,0,-11,-1
3228,2014,2,Broncos,Chiefs,1,3.1999999999999993,0.2999999999999998,0.8799999999999999,0,-3,-1
3229,2014,2,Packers,Jets,1,2.2,-0.3999999999999999,0.5800000000000001,0,26,2
3230,2014,2,Raiders,Texans,0,-1.0,1.8000000000000007,-1.6,4,0,0
3231,2014,2,49ers,Bears,0,1.7999999999999998,2.0,-0.7299999999999998,4,10,3
3232,2014,2,Colts,Eagles,0,-3.8000000000000007,-0.2999999999999998,-0.25,1,0,0
3233,2014,3,Falcons,Buccaneers,1,8.100000000000001,0.3999999999999999,3.3099999999999996,-1,-20,-2
3234,2014,3,Bills,Chargers,0,-4.9,1.7000000000000002,-1.29,0,27,1
3235,2014,3,Bengals,Titans,1,1.8999999999999995,-1.5999999999999996,2.17,-1,-8,-2
3236,2014,3,Browns,Ravens,0,4.6,-2.0,-0.19999999999999973,-1,0,0
3237,2014,3,Lions,Packers,1,1.5999999999999996,-0.5,1.3299999999999998,2,-7,0
3238,2014,3,Rams,Cowboys,0,-1.6000000000000005,-0.20000000000000018,-0.2999999999999998,1,0,0
3239,2014,3,Patriots,Raiders,1,0.9000000000000004,-0.6000000000000001,0.6000000000000001,-1,13,2
3240,2014,3,Saints,Vikings,1,1.8999999999999995,0.6999999999999997,1.38,0,-10,-1
3241,2014,3,Giants,Texans,1,-0.20000000000000107,-0.20000000000000018,1.0,-2,1,-1
3242,2014,3,Eagles,Redskins,1,-1.0,-0.7999999999999998,0.22999999999999998,0,0,0
3243,2014,3,Jaguars,Colts,0,-1.2999999999999998,0.20000000000000018,-2.58,3,12,2
3244,2014,3,Cardinals,49ers,1,1.0999999999999996,-0.5,1.13,1,-9,-1
3245,2014,3,Dolphins,Chiefs,0,-2.3,2.8,-1.55,-2,-4,-1
3246,2014,3,Seahawks,Broncos,1,1.2999999999999998,1.7,0.30000000000000004,-1,13,2
3247,2014,4,Panthers,Steelers,0,1.2000000000000002,-3.5999999999999996,-1.5900000000000003,2,17,2
3248,2014,4,Jets,Bears,0,1.7999999999999998,1.5000000000000004,-0.52,2,-12,-1
3249,2014,4,Redskins,Giants,0,-0.1999999999999993,1.0,-2.38,5,9,1
3250,2014,4,Bears,Packers,0,-3.3000000000000007,2.6,-3.3099999999999996,2,4,0
3251,2014,4,Colts,Titans,1,3.3,-2.6999999999999997,1.5100000000000002,-2,-18,-3
3252,2014,4,Raiders,Dolphins,0,-3.0,-1.6,-2.09,1,11,2
3253,2014,4,Jets,Lions,0,-1.7999999999999998,1.6000000000000005,-0.5800000000000001,2,-16,-2
3254,2014,4,Steelers,Buccaneers,0,0.7000000000000002,-0.19999999999999973,-0.52,0,11,4
3255,2014,4,Ravens,Panthers,1,3.2,1.6,3.5,-1,-20,-2
3256,2014,4,Texans,Bills,1,2.0999999999999996,-2.6,0.51,1,-1,1
3257,2014,4,Chargers,Jaguars,1,3.0,-1.2999999999999998,2.03,-3,-7,-1
3258,2014,4,Vikings,Falcons,1,3.5999999999999996,-0.09999999999999964,1.4,-2,-10,-1
3259,2014,4,49ers,Eagles,1,1.8999999999999995,3.4000000000000004,-0.17999999999999994,-3,25,3
3260,2014,4,Cowboys,Saints,1,1.200000000000001,-2.5999999999999996,1.9000000000000001,-3,1,-1
3261,2014,5,Chiefs,Patriots,1,1.8999999999999995,0.7000000000000002,2.46,-3,-2,-1
3262,2014,5,Packers,Vikings,1,3.2,1.1999999999999993,2.52,-2,-20,-4
3263,2014,5,Eagles,Rams,1,-1.4000000000000004,-1.0,0.8300000000000001,0,-34,-4
3264,2014,5,Cowboys,Texans,1,1.5,-1.5,0.40000000000000013,2,8,1
3265,2014,5,Lions,Bills,0,-0.20000000000000018,1.1999999999999997,-0.20999999999999996,1,13,4
3266,2014,5,Titans,Browns,0,0.4999999999999991,0.09999999999999964,-0.31000000000000005,-1,5,2
3267,2014,5,Colts,Ravens,1,1.0,-1.7999999999999998,0.5899999999999999,1,-31,-3
3268,2014,5,Saints,Buccaneers,1,-1.2999999999999998,1.6999999999999997,0.03000000000000025,2,-1,-1
3269,2014,5,Giants,Falcons,1,-0.39999999999999947,-0.6999999999999997,1.06,1,-2,0
3270,2014,5,Panthers,Bears,1,-0.7000000000000002,-0.3999999999999999,0.6699999999999999,-1,-3,-2
3271,2014,5,Jaguars,Steelers,0,-2.0,-0.2999999999999998,-0.7999999999999999,1,-8,-3
3272,2014,5,Broncos,Cardinals,1,4.8999999999999995,1.4,1.23,2,-18,-2
3273,2014,5,Chargers,Jets,1,8.0,-0.2999999999999998,2.58,-1,-3,1
3274,2014,5,49ers,Chiefs,1,1.6000000000000005,-1.1000000000000005,0.55,-1,15,3
3275,2014,6,Patriots,Bengals,1,-0.20000000000000107,0.39999999999999947,2.27,-3,-1,0
3276,2014,6,Redskins,Seahawks,0,0.1999999999999993,-4.300000000000001,-0.8300000000000001,0,-15,-2
3277,2014,6,Texans,Colts,0,0.3000000000000007,3.0,0.009999999999999787,0,9,2
3278,2014,6,Bills,Patriots,0,-2.3000000000000007,1.1,-1.02,3,16,3
3279,2014,6,Bengals,Panthers,0,1.2000000000000002,1.9000000000000004,0.0,1,3,1
3280,2014,6,Browns,Steelers,1,7.1000000000000005,-0.09999999999999964,1.81,0,0,-1
3281,2014,6,Titans,Jaguars,1,1.4000000000000004,-0.7000000000000002,0.17999999999999994,-2,-26,-3
3282,2014,6,Dolphins,Packers,0,1.6999999999999993,1.3000000000000003,-0.27,3,-9,-2
3283,2014,6,Vikings,Lions,0,-0.8000000000000003,0.19999999999999973,-1.1,3,15,4
3284,2014,6,Jets,Broncos,0,-2.7,-2.1,-1.27,2,1,2
3285,2014,6,Buccaneers,Ravens,0,-4.6000000000000005,0.0,-2.27,0,37,5
3286,2014,6,Raiders,Chargers,0,-0.5,2.2,-0.30000000000000027,1,-6,-1
3287,2014,6,Falcons,Bears,0,-3.3000000000000007,-0.3999999999999999,-1.2700000000000002,1,20,2
3288,2014,6,Cardinals,Redskins,1,-3.3000000000000007,-1.0,0.8800000000000001,-4,-12,-1
3289,2014,7,Seahawks,Cowboys,0,-3.0,-0.09999999999999964,-0.6400000000000001,-1,-11,1
3290,2014,7,Eagles,Giants,1,1.2000000000000002,1.9999999999999996,2.08,1,-40,-7
3291,2014,7,Rams,49ers,0,-4.700000000000001,0.8999999999999999,-1.37,0,20,5
3292,2014,7,Patriots,Jets,1,1.0,-0.8999999999999995,0.20000000000000018,0,-20,-2
3293,2014,7,Bills,Vikings,1,1.4000000000000004,0.7999999999999998,0.08000000000000007,2,-11,1
3294,2014,7,Bears,Dolphins,0,-2.9000000000000004,-0.5,-1.1400000000000001,3,-3,-1
3295,2014,7,Lions,Saints,1,-0.3000000000000007,-1.0,0.08000000000000007,0,7,2
3296,2014,7,Packers,Panthers,1,4.3,-0.20000000000000018,1.75,-1,-11,-1
3297,2014,7,Colts,Bengals,1,5.3,2.3,2.08,2,-14,-2
3298,2014,7,Rams,Seahawks,1,0.09999999999999964,-2.1000000000000005,0.21999999999999975,0,-21,-3
3299,2014,7,Redskins,Titans,1,2.8,0.2999999999999998,-0.15999999999999992,0,16,2
3300,2014,7,Jaguars,Browns,1,0.10000000000000053,3.0,1.1,0,-10,-1
3301,2014,7,Ravens,Falcons,1,5.7,-0.8000000000000003,2.06,2,-32,-4
3302,2014,7,Chargers,Chiefs,0,-1.5999999999999996,0.3999999999999999,-0.08999999999999986,1,13,-1
3303,2014,8,Cowboys,Giants,1,4.1,0.5,0.9099999999999999,-1,12,2
3304,2014,8,Raiders,Cardinals,0,-1.8999999999999995,-0.3999999999999999,-1.22,-1,-2,0
3305,2014,8,Broncos,49ers,1,5.9,0.8999999999999999,1.95,-1,-39,-4
3306,2014,8,Steelers,Texans,1,-0.7999999999999989,-1.4000000000000004,0.5800000000000001,-2,15,2
3307,2014,8,Broncos,Chargers,1,2.1999999999999993,0.5,1.59,-2,-7,-2
3308,2014,8,Falcons,Lions,0,1.0,0.3999999999999999,-0.10999999999999988,0,15,2
3309,2014,8,Bengals,Ravens,1,3.0,-0.7999999999999998,0.27,0,19,1
3310,2014,8,Titans,Texans,0,1.5999999999999996,-2.5,-1.08,2,-25,-3
3311,2014,8,Chiefs,Rams,1,2.8000000000000007,-0.20000000000000018,2.51,0,-36,-5
3312,2014,8,Patriots,Bears,1,3.0,-2.1000000000000005,3.01,-2,-7,-2
3313,2014,8,Jets,Bills,0,-9.4,3.1999999999999997,-1.34,6,-4,0
3314,2014,8,Buccaneers,Vikings,0,0.10000000000000053,-1.5000000000000004,-0.5,2,6,4
3315,2014,8,Panthers,Seahawks,0,0.9000000000000004,-0.8999999999999995,-0.43999999999999995,0,11,2
3316,2014,8,Jaguars,Dolphins,0,-0.1999999999999993,-0.2999999999999998,-1.62,2,2,1
3317,2014,9,Cardinals,Eagles,1,1.2000000000000002,-1.3000000000000003,0.42000000000000015,-2,0,0
3318,2014,9,Browns,Raiders,1,3.9000000000000004,-2.0,0.77,-3,-9,-3
3319,2014,9,Steelers,Colts,1,2.0999999999999996,-2.5999999999999996,2.0199999999999996,0,-15,-2
3320,2014,9,Saints,Packers,1,-0.5999999999999996,1.5,2.1000000000000005,-2,-15,-2
3321,2014,9,Cowboys,Redskins,0,-2.9000000000000004,2.8,-0.27,1,41,2
3322,2014,9,Panthers,Saints,0,-3.5,2.2,-1.6399999999999997,0,2,0
3323,2014,9,Bengals,Jaguars,1,0.40000000000000036,0.2999999999999998,0.98,1,-13,0
3324,2014,9,Browns,Buccaneers,1,0.5,-2.1999999999999997,0.27,0,18,2
3325,2014,9,Cowboys,Cardinals,0,-1.7000000000000002,0.20000000000000018,-0.8499999999999999,1,-3,-1
3326,2014,9,Chiefs,Jets,1,0.09999999999999964,0.10000000000000053,1.89,0,-7,-2
3327,2014,9,Dolphins,Chargers,1,3.0,1.1999999999999997,3.36,-4,-20,-4
3328,2014,9,Vikings,Redskins,1,-2.0,-0.5,0.4700000000000002,-1,-10,-3
3329,2014,9,Texans,Eagles,0,-1.8999999999999995,-0.39999999999999947,-0.6700000000000002,-3,-12,0
3330,2014,9,49ers,Rams,0,1.2999999999999998,0.3999999999999999,-0.2500000000000001,0,51,7
3331,2014,10,Patriots,Broncos,1,-1.2000000000000002,0.10000000000000009,1.9100000000000001,-1,-8,0
3332,2014,10,Seahawks,Raiders,1,0.5,1.7999999999999998,0.45999999999999996,-3,-3,0
3333,2014,10,Steelers,Ravens,1,2.6999999999999993,-1.2999999999999998,1.6700000000000002,-1,-15,-1
3334,2014,10,Giants,Colts,0,-0.7999999999999998,0.3000000000000007,-1.0699999999999998,1,1,2
3335,2014,10,Bengals,Browns,0,-6.6,0.6000000000000001,-1.79,3,14,2
3336,2014,10,Bills,Chiefs,0,0.09999999999999964,-0.2999999999999998,-0.22999999999999998,2,-20,-5
3337,2014,10,Lions,Dolphins,1,2.2,0.6999999999999997,0.3700000000000001,-1,-10,0
3338,2014,10,Saints,49ers,0,0.2999999999999998,-0.09999999999999964,-0.21999999999999997,2,-19,-2
3339,2014,10,Jets,Steelers,1,-0.6999999999999993,2.1,0.52,-4,-10,2
3340,2014,10,Buccaneers,Falcons,0,-0.2999999999999998,0.10000000000000009,-0.8100000000000003,3,13,3
3341,2014,10,Jaguars,Cowboys,0,-1.8000000000000007,-2.0,-0.8999999999999999,2,22,3
3342,2014,10,Ravens,Titans,1,0.7000000000000002,1.4000000000000004,1.1099999999999999,-2,-28,-4
3343,2014,10,Raiders,Broncos,0,-3.1000000000000005,-2.4000000000000004,-1.6,1,0,0
3344,2014,10,Cardinals,Rams,1,1.7000000000000002,-1.9000000000000001,1.58,-2,-23,-3
3345,2014,11,Seahawks,Giants,1,3.3000000000000007,4.6,1.9000000000000001,1,-1,0
3346,2014,11,Packers,Bears,1,3.5999999999999996,1.7999999999999998,3.2300000000000004,-2,-27,-4
3347,2014,11,Eagles,Panthers,1,3.1999999999999993,-1.6,1.69,-5,-87,-8
3348,2014,11,Dolphins,Bills,1,1.2999999999999998,2.4000000000000004,1.3000000000000003,2,25,3
3349,2014,11,Bears,Vikings,1,2.5,-1.5,0.8,1,-11,-2
3350,2014,11,Browns,Texans,0,-0.7999999999999998,-1.1,-1.23,1,20,3
3351,2014,11,Chiefs,Seahawks,1,1.5999999999999996,0.7999999999999998,0.44999999999999973,2,-10,-2
3352,2014,11,Rams,Broncos,1,0.2999999999999998,1.2000000000000002,1.29,-2,-6,1
3353,2014,11,Saints,Bengals,0,-3.8,-2.3000000000000003,-1.95,1,-1,-1
3354,2014,11,Giants,49ers,0,-0.2999999999999998,-0.8999999999999999,-0.5000000000000001,4,7,1
3355,2014,11,Redskins,Buccaneers,0,-6.999999999999999,2.7,-2.36,2,33,4
3356,2014,11,Panthers,Falcons,0,1.9000000000000004,1.0,-0.25,1,-1,0
3357,2014,11,Chargers,Raiders,1,0.5,0.09999999999999964,0.54,-1,3,0
3358,2014,11,Packers,Eagles,1,2.3,0.9000000000000004,3.76,-4,-24,-2
3359,2014,11,Cardinals,Lions,1,4.1,-3.4000000000000004,0.67,1,-19,-4
3360,2014,11,Colts,Patriots,0,-0.7999999999999998,-4.3999999999999995,-1.8199999999999998,-1,0,1
3361,2014,12,Titans,Steelers,0,5.4,-2.4000000000000004,-0.33000000000000007,0,-27,-5
3362,2014,12,Raiders,Chiefs,1,-1.0999999999999996,2.0,0.33000000000000007,1,-15,-1
3363,2014,12,Colts,Jaguars,1,2.5,1.5,1.67,1,7,1
3364,2014,12,Falcons,Browns,0,-1.6999999999999993,-2.8999999999999995,0.040000000000000036,-1,12,2
3365,2014,12,Bears,Buccaneers,1,-2.2,0.5,0.5299999999999999,-3,-22,-2
3366,2014,12,Vikings,Packers,0,-1.7999999999999998,-0.2999999999999998,-0.06999999999999984,1,12,1
3367,2014,12,Patriots,Lions,1,1.2999999999999998,0.8999999999999999,2.08,0,-20,-2
3368,2014,12,Eagles,Titans,1,-0.7999999999999998,1.5999999999999996,1.37,-1,-37,-3
3369,2014,12,Texans,Bengals,0,-2.6000000000000005,0.19999999999999973,-0.7,0,5,1
3370,2014,12,Chargers,Rams,1,2.3,1.2999999999999998,0.4500000000000002,0,2,2
3371,2014,12,Seahawks,Cardinals,1,2.3,1.0999999999999996,1.43,-1,33,4
3372,2014,12,Broncos,Dolphins,1,1.0999999999999996,1.1000000000000005,0.73,0,-4,0
3373,2014,12,49ers,Redskins,1,4.7,-2.7,0.22999999999999998,2,-19,-3
3374,2014,12,Giants,Cowboys,0,-2.0,-2.0,-0.27,0,1,0
3375,2014,12,Bills,Jets,1,2.8000000000000007,-0.7999999999999998,3.55,-1,-29,-6
3376,2014,12,Saints,Ravens,0,-0.9000000000000004,-0.7000000000000002,-0.6999999999999997,0,12,3
3377,2014,13,Lions,Bears,1,3.2,2.4,1.67,-1,-17,-1
3378,2014,13,Cowboys,Eagles,0,-1.2000000000000002,-2.0,-1.92,2,16,3
3379,2014,13,49ers,Seahawks,0,-6.699999999999999,-0.9999999999999996,-1.5999999999999999,3,7,0
3380,2014,13,Bills,Browns,1,-0.5,0.7000000000000002,1.29,-1,-5,-1
3381,2014,13,Colts,Redskins,1,6.1000000000000005,2.0,1.84,2,-42,-5
3382,2014,13,Rams,Raiders,1,4.2,3.6999999999999997,3.71,-5,-40,-5
3383,2014,13,Vikings,Panthers,1,0.6999999999999993,-1.6000000000000005,2.36,-1,-4,-1
3384,2014,13,Steelers,Saints,0,-1.8000000000000007,-1.0,-0.5100000000000002,2,-7,0
3385,2014,13,Buccaneers,Bengals,0,0.20000000000000018,-1.0,-0.08999999999999986,-2,-9,-1
3386,2014,13,Jaguars,Giants,1,-2.3,2.1000000000000005,0.22999999999999998,-3,20,3
3387,2014,13,Ravens,Chargers,0,-1.1000000000000005,0.2999999999999998,-0.48,-2,-7,-2
3388,2014,13,Texans,Titans,1,3.200000000000001,-1.0,1.71,-3,-38,-3
3389,2014,13,Falcons,Cardinals,1,1.1999999999999993,1.0,0.6199999999999999,-2,3,1
3390,2014,13,Packers,Patriots,1,2.499999999999999,-0.20000000000000018,0.56,0,11,2
3391,2014,13,Chiefs,Broncos,0,-0.2999999999999998,-2.0999999999999996,-0.8999999999999999,2,38,5
3392,2014,13,Jets,Dolphins,0,-2.4000000000000004,1.6000000000000005,-0.1499999999999999,0,-2,0
3393,2014,14,Bears,Cowboys,0,-0.39999999999999947,-3.2,-1.5499999999999998,2,-2,-1
3394,2014,14,Bengals,Steelers,0,0.1999999999999993,-2.1000000000000005,-1.5,2,5,3
3395,2014,14,Browns,Colts,0,-0.6999999999999993,-0.9999999999999996,0.13000000000000012,-2,-22,-2
3396,2014,14,Lions,Buccaneers,1,3.3,1.7000000000000002,1.31,-2,-26,-2
3397,2014,14,Titans,Giants,0,-1.7999999999999998,-0.2999999999999998,-2.23,2,60,8
3398,2014,14,Dolphins,Ravens,0,-2.4000000000000004,-2.0000000000000004,-1.4999999999999998,-1,36,5
3399,2014,14,Vikings,Jets,1,2.6999999999999993,0.09999999999999964,0.5,0,0,0
3400,2014,14,Saints,Panthers,0,-2.3999999999999995,-1.3999999999999995,-2.59,2,17,2
3401,2014,14,Redskins,Rams,0,-4.0,-2.2,-2.4,2,38,3
3402,2014,14,Jaguars,Texans,0,-2.3999999999999995,-0.5,-1.2700000000000002,1,17,3
3403,2014,14,Broncos,Bills,1,2.5999999999999996,0.0,0.6300000000000001,0,-14,-4
3404,2014,14,Cardinals,Chiefs,1,0.7000000000000002,-3.1000000000000005,0.28,-2,-15,-3
3405,2014,14,Raiders,49ers,1,4.200000000000001,-2.7,1.0000000000000002,-2,-14,-4
3406,2014,14,Eagles,Seahawks,0,-2.7,-1.4999999999999996,-0.77,0,3,1
3407,2014,14,Chargers,Patriots,0,-2.0999999999999996,0.0,-0.6000000000000001,-1,19,3
3408,2014,14,Packers,Falcons,1,-0.5999999999999996,2.2,0.5999999999999996,-1,3,0
3409,2014,15,Rams,Cardinals,0,1.0,-0.8999999999999999,-0.46,2,10,1
3410,2014,15,Falcons,Steelers,0,-1.6999999999999993,2.8,-1.1599999999999997,1,-7,-1
3411,2014,15,Bills,Packers,1,1.0,-3.1999999999999997,0.6200000000000001,-1,8,2
3412,2014,15,Browns,Bengals,0,-1.2999999999999998,-2.3000000000000003,-3.0,1,12,1
3413,2014,15,Colts,Texans,1,-1.1999999999999993,0.6000000000000001,0.38,0,14,1
3414,2014,15,Chiefs,Raiders,1,5.9,-1.1999999999999997,1.2599999999999998,0,-18,-3
3415,2014,15,Patriots,Dolphins,1,1.5999999999999996,0.40000000000000036,2.34,-1,-38,-4
3416,2014,15,Giants,Redskins,1,0.2999999999999998,-3.0999999999999996,1.1,0,-35,-6
3417,2014,15,Panthers,Buccaneers,1,1.7999999999999998,-2.8,0.030000000000000027,-2,-10,0
3418,2014,15,Ravens,Jaguars,1,3.0,0.0,0.7499999999999999,0,-63,-8
3419,2014,15,Titans,Jets,0,1.4000000000000004,-0.6999999999999997,-0.41000000000000003,1,-9,-2
3420,2014,15,Chargers,Broncos,0,-4.6000000000000005,-0.10000000000000009,-1.0,2,-7,-1
3421,2014,15,Lions,Vikings,1,-1.4000000000000004,0.0,0.20000000000000018,-2,-31,-4
3422,2014,15,Seahawks,49ers,1,0.2999999999999998,0.39999999999999947,1.0099999999999998,1,-6,-1
3423,2014,15,Eagles,Cowboys,0,-0.20000000000000018,0.8999999999999999,-0.46999999999999975,2,17,1
3424,2014,15,Bears,Saints,0,-5.1,3.0,-1.23,2,26,5
3425,2014,16,Jaguars,Titans,1,-3.4000000000000004,3.6999999999999997,0.9200000000000002,0,-12,0
3426,2014,16,Redskins,Eagles,1,1.7000000000000002,-0.8999999999999999,0.0,0,2,-1
3427,2014,16,49ers,Chargers,0,-2.6000000000000005,4.800000000000001,-0.22999999999999998,0,14,0
3428,2014,16,Bears,Lions,0,-1.5,-2.4,-0.6000000000000001,-2,-3,-2
3429,2014,16,Dolphins,Vikings,1,-1.0999999999999996,-0.40000000000000036,-0.10000000000000009,1,-8,-3
3430,2014,16,Saints,Falcons,0,-2.2,-0.5,-1.73,4,42,5
3431,2014,16,Jets,Patriots,0,2.8999999999999995,0.10000000000000009,0.050000000000000044,0,-17,-2
3432,2014,16,Steelers,Chiefs,1,2.3,-0.19999999999999973,0.79,-1,-23,-5
3433,2014,16,Buccaneers,Packers,0,-4.199999999999999,-2.8,-1.7,0,46,6
3434,2014,16,Panthers,Browns,1,-0.6000000000000005,0.7999999999999998,0.52,1,-16,-2
3435,2014,16,Texans,Ravens,1,0.8000000000000003,1.1,0.8,-2,-17,-2
3436,2014,16,Rams,Giants,0,-3.299999999999999,1.5,-0.8300000000000001,3,4,1
3437,2014,16,Cowboys,Colts,1,6.7,3.1,3.56,-2,4,-1
3438,2014,16,Raiders,Bills,1,-0.20000000000000018,2.9,0.15000000000000013,-2,-14,-1
3439,2014,16,Cardinals,Seahawks,0,-6.1000000000000005,-6.0,-2.23,1,19,3
3440,2014,16,Bengals,Broncos,1,-1.0,1.0999999999999996,0.6400000000000001,-2,-11,-2
3441,2014,17,Titans,Colts,0,-7.4,3.8000000000000003,-1.37,1,28,3
3442,2014,17,Chiefs,Chargers,1,-2.0999999999999996,-0.20000000000000018,1.0,-3,-25,-3
3443,2014,17,Dolphins,Jets,0,-9.100000000000001,5.9,-1.0,0,45,6
3444,2014,17,Vikings,Bears,1,3.0,-1.0,0.30000000000000004,1,12,1
3445,2014,17,Patriots,Bills,0,-2.6999999999999993,1.3999999999999995,-0.7999999999999999,-1,14,2
3446,2014,17,Giants,Eagles,0,0.7999999999999998,-2.0999999999999996,-0.5700000000000001,0,-30,-4
3447,2014,17,Buccaneers,Saints,0,-2.8999999999999995,1.7000000000000002,0.08000000000000007,-2,5,1
3448,2014,17,Redskins,Cowboys,0,-1.3000000000000007,-2.1000000000000005,-2.07,3,27,3
3449,2014,17,Ravens,Browns,1,2.6999999999999993,0.7999999999999998,0.84,-2,-5,-3
3450,2014,17,Texans,Jaguars,1,3.4000000000000004,-5.3999999999999995,0.21999999999999997,2,-13,-2
3451,2014,17,Falcons,Panthers,0,-2.2,-1.6,-3.51,3,33,5
3452,2014,17,Broncos,Raiders,1,4.2,0.5,2.54,-1,-23,-2
3453,2014,17,Packers,Lions,1,4.9,-0.7999999999999998,1.33,1,-8,-1
3454,2014,17,49ers,Cardinals,1,-0.20000000000000018,2.3000000000000003,0.1100000000000001,-3,-2,-1
3455,2014,17,Seahawks,Rams,1,3.4000000000000004,1.6999999999999997,1.27,-1,-23,-1
3456,2014,17,Steelers,Bengals,1,2.3,-2.4,1.0300000000000002,0,-23,-3
3457,2015,18,Panthers,Cardinals,1,4.4,2.8,0.99,0,-31,-3
3458,2015,18,Steelers,Ravens,0,-1.9000000000000004,1.5,-1.03,2,24,4
3459,2015,18,Colts,Bengals,1,4.300000000000001,-0.6000000000000005,1.3399999999999999,0,-3,-2
3460,2015,18,Cowboys,Lions,1,0.5,-0.5999999999999996,0.3600000000000001,-2,35,3
3461,2015,19,Patriots,Ravens,1,1.5,-3.8000000000000003,0.33999999999999986,-1,10,2
3462,2015,19,Seahawks,Panthers,1,4.9,-0.8000000000000003,1.74,-3,4,0
3463,2015,19,Packers,Cowboys,1,-0.40000000000000036,-1.1000000000000005,0.27,0,-2,-2
3464,2015,19,Broncos,Colts,0,-1.9000000000000004,0.9000000000000004,-0.9199999999999999,-1,11,2
3465,2015,20,Seahawks,Packers,1,1.7999999999999998,1.0,0.06000000000000005,3,18,4
3466,2015,20,Patriots,Colts,1,2.5,0.0,3.4499999999999997,-2,6,1
3467,2015,21,Seahawks,Patriots,0,4.699999999999999,2.8999999999999995,-0.1499999999999999,-1,5,2
3468,2015,1,Patriots,Steelers,1,0.10000000000000142,-2.1000000000000005,0.46999999999999975,-1,-14,-1
3469,2015,1,Bills,Colts,1,5.4,0.2999999999999998,1.0500000000000003,-3,-3,-2
3470,2015,1,Bears,Packers,0,-2.299999999999999,1.2999999999999998,-0.56,1,12,2
3471,2015,1,Rams,Seahawks,1,4.8999999999999995,-1.0,0.27,2,-11,-4
3472,2015,1,Jets,Browns,1,0.7000000000000002,0.5999999999999996,1.8199999999999998,-4,-14,-3
3473,2015,1,Redskins,Dolphins,0,0.6999999999999993,0.3000000000000007,-0.8899999999999999,1,-36,-2
3474,2015,1,Jaguars,Panthers,0,-0.8999999999999995,1.5999999999999996,-0.9199999999999999,2,-3,3
3475,2015,1,Texans,Chiefs,0,-0.7999999999999998,1.7000000000000002,-0.3700000000000001,2,26,3
3476,2015,1,Cardinals,Saints,1,2.1999999999999993,2.0999999999999996,0.8500000000000001,0,-1,-2
3477,2015,1,Chargers,Lions,1,1.6000000000000005,-1.1999999999999997,0.20000000000000018,1,3,1
3478,2015,1,Broncos,Ravens,1,0.6999999999999997,-0.40000000000000036,0.55,-1,8,2
3479,2015,1,Raiders,Bengals,0,-3.6000000000000005,-0.19999999999999973,-1.67,2,20,2
3480,2015,1,Buccaneers,Titans,0,-6.800000000000001,-0.3999999999999999,-3.0300000000000002,1,5,2
3481,2015,1,Cowboys,Giants,1,2.7,-0.5999999999999996,-0.1499999999999999,3,-3,-1
3482,2015,1,Falcons,Eagles,1,2.0,-0.8999999999999999,0.1499999999999999,0,8,1
3483,2015,1,49ers,Vikings,1,0.7999999999999998,1.7000000000000002,1.9200000000000002,0,-54,-4
3484,2015,2,Chiefs,Broncos,0,1.4000000000000004,2.4000000000000004,-0.5299999999999998,4,6,2
3485,2015,2,Bills,Patriots,0,-1.2999999999999998,2.2,-0.3799999999999999,1,38,6
3486,2015,2,Bears,Cardinals,0,-0.6000000000000005,-0.19999999999999973,-2.5900000000000003,0,15,2
3487,2015,2,Bengals,Chargers,1,-0.10000000000000142,-0.2999999999999998,0.10000000000000009,-1,-18,-4
3488,2015,2,Browns,Titans,1,4.6,-1.6,1.38,-3,-24,-5
3489,2015,2,Vikings,Lions,1,3.0,2.3000000000000003,0.7599999999999998,-2,1,0
3490,2015,2,Saints,Buccaneers,0,-3.3999999999999995,-0.10000000000000009,-0.71,1,23,1
3491,2015,2,Giants,Falcons,0,-0.20000000000000018,1.7000000000000002,-0.18000000000000016,1,-16,0
3492,2015,2,Steelers,49ers,1,7.199999999999999,-0.20000000000000018,2.1100000000000003,-1,-37,-5
3493,2015,2,Redskins,Rams,1,2.5,-0.2999999999999998,1.17,1,8,1
3494,2015,2,Panthers,Texans,1,0.7000000000000002,2.5,0.3900000000000001,0,12,1
3495,2015,2,Raiders,Ravens,1,-0.9000000000000004,0.6999999999999993,0.3599999999999999,-1,0,1
3496,2015,2,Jaguars,Dolphins,1,0.5000000000000009,1.1,0.10000000000000009,0,-15,-2
3497,2015,2,Eagles,Cowboys,0,-1.5,-2.9,-0.84,1,-13,-2
3498,2015,2,Packers,Seahawks,1,0.2999999999999998,-0.39999999999999947,0.9000000000000001,-1,14,0
3499,2015,2,Colts,Jets,0,-0.2999999999999998,0.19999999999999973,-1.1800000000000002,4,-1,-1
3500,2015,3,Giants,Redskins,1,2.499999999999999,-1.7000000000000002,1.2900000000000003,-3,-11,-1
3501,2015,3,Browns,Raiders,0,-3.4000000000000004,-2.4000000000000004,-0.4500000000000002,1,25,5
3502,2015,3,Cowboys,Falcons,0,0.7000000000000002,1.0999999999999996,-0.75,1,7,1
3503,2015,3,Titans,Colts,0,-0.39999999999999947,-2.5,-0.1499999999999999,0,7,0
3504,2015,3,Rams,Steelers,0,-0.1999999999999993,1.1,-0.5299999999999999,0,-23,-3
3505,2015,3,Vikings,Chargers,1,-2.0,2.0999999999999996,1.5499999999999998,-1,-30,-4
3506,2015,3,Patriots,Jaguars,1,0.9999999999999991,1.1,3.3999999999999995,-1,6,0
3507,2015,3,Jets,Eagles,0,0.8999999999999999,-0.30000000000000027,-0.4700000000000002,3,-3,0
3508,2015,3,Panthers,Saints,1,1.9000000000000004,1.1,0.56,-2,3,0
3509,2015,3,Ravens,Bengals,0,-4.199999999999999,-0.7999999999999998,0.06999999999999984,-1,-11,-2
3510,2015,3,Texans,Buccaneers,1,-1.4000000000000004,1.2000000000000002,0.6700000000000002,0,1,1
3511,2015,3,Cardinals,49ers,1,6.8,0.19999999999999973,3.6899999999999995,-3,-10,-1
3512,2015,3,Dolphins,Bills,0,-3.6999999999999993,0.6999999999999993,-2.56,3,8,2
3513,2015,3,Seahawks,Bears,1,4.3,1.9,2.36,0,8,2
3514,2015,4,Lions,Broncos,0,-1.7000000000000002,-0.7000000000000002,-1.0,1,9,3
3515,2015,4,Packers,Chiefs,1,3.000000000000001,-0.40000000000000036,1.02,-1,-31,-6
3516,2015,4,Steelers,Ravens,0,-1.2000000000000002,0.1999999999999993,-0.30999999999999983,-2,7,-1
3517,2015,4,Dolphins,Jets,0,-3.7,0.6000000000000005,-0.8499999999999999,1,31,3
3518,2015,4,Falcons,Texans,1,2.4000000000000004,0.6999999999999997,2.38,-4,5,1
3519,2015,4,Bills,Giants,0,0.09999999999999964,-1.0,-0.8900000000000001,1,15,1
3520,2015,4,Bears,Raiders,1,1.0999999999999996,0.19999999999999973,0.16000000000000014,1,-15,1
3521,2015,4,Bengals,Chiefs,1,5.7,-0.10000000000000053,1.5,-1,-38,-5
3522,2015,4,Colts,Jaguars,1,-0.09999999999999964,-2.5999999999999996,0.1399999999999999,2,7,2
3523,2015,4,Buccaneers,Panthers,0,1.2999999999999998,0.7000000000000002,-1.08,4,4,0
3524,2015,4,Redskins,Eagles,1,-2.000000000000001,-0.7999999999999998,0.41999999999999993,-1,-37,-4
3525,2015,4,Chargers,Browns,1,1.0,-0.5,0.04999999999999982,-1,-13,-2
3526,2015,4,Broncos,Vikings,1,2.2,0.5999999999999996,0.09999999999999987,1,-44,-5
3527,2015,4,Cardinals,Rams,0,0.5,-0.8999999999999995,-0.16999999999999993,3,11,3
3528,2015,5,49ers,Packers,0,-1.4000000000000004,-0.8000000000000007,-1.4,1,17,3
3529,2015,5,Saints,Cowboys,1,-0.3000000000000007,0.0,0.3599999999999999,0,-2,0
3530,2015,5,Seahawks,Lions,1,3.2,0.6000000000000001,0.17999999999999994,2,52,6
3531,2015,5,Texans,Colts,0,1.5000000000000009,-0.8000000000000003,-0.7799999999999998,2,0,1
3532,2015,5,Falcons,Redskins,1,-1.0,3.4,0.77,1,12,2
3533,2015,5,Bengals,Seahawks,1,-1.5999999999999996,-3.2,0.08000000000000007,1,5,0
3534,2015,5,Packers,Rams,1,3.3000000000000007,-2.0999999999999996,1.08,-1,-13,-1
3535,2015,5,Titans,Bills,0,1.0,-1.0,-0.21999999999999997,0,-23,-2
3536,2015,5,Chiefs,Bears,0,0.2999999999999998,1.4000000000000004,0.050000000000000044,-1,0,1
3537,2015,5,Eagles,Saints,1,0.6000000000000005,0.9000000000000004,1.79,-2,-43,-5
3538,2015,5,Buccaneers,Jaguars,1,1.6000000000000014,1.3999999999999995,0.6300000000000003,-2,-10,-4
3539,2015,5,Ravens,Browns,0,-2.700000000000001,2.5,-0.040000000000000036,0,-21,-3
3540,2015,5,Lions,Cardinals,0,-3.4000000000000004,-4.4,-1.69,6,-13,-1
3541,2015,5,Cowboys,Patriots,0,-4.8999999999999995,-0.5,-2.0,2,-4,-2
3542,2015,6,Raiders,Broncos,0,-1.5999999999999996,0.20000000000000018,-0.62,1,14,2
3543,2015,6,Giants,49ers,1,0.8999999999999995,-0.5999999999999996,0.6299999999999999,1,-6,-2
3544,2015,6,Chargers,Steelers,0,-0.09999999999999964,-3.0,-0.33000000000000007,1,2,-1
3545,2015,6,Saints,Falcons,1,1.7999999999999998,-4.6,1.0699999999999998,-3,-24,-4
3546,2015,6,Bills,Bengals,0,-1.3000000000000007,0.9000000000000004,-0.9899999999999998,1,7,2
3547,2015,6,Browns,Broncos,0,-1.2000000000000002,-1.2999999999999998,-0.18000000000000016,0,24,4
3548,2015,6,Lions,Bears,1,0.7000000000000011,1.9,0.6499999999999999,2,14,1
3549,2015,6,Titans,Dolphins,0,-3.000000000000001,-2.0999999999999996,-2.9699999999999998,2,34,4
3550,2015,6,Vikings,Chiefs,1,0.2999999999999998,-0.8000000000000003,0.42000000000000004,1,1,0
3551,2015,6,Jets,Redskins,1,5.3999999999999995,3.4000000000000004,0.7600000000000002,1,-5,-1
3552,2015,6,Steelers,Cardinals,1,-0.7999999999999989,1.6000000000000005,1.0,-3,-2,0
3553,2015,6,Jaguars,Texans,0,-2.0999999999999996,0.8999999999999999,-0.9999999999999998,3,14,2
3554,2015,6,Seahawks,Panthers,0,0.39999999999999947,0.3000000000000007,-0.31000000000000005,-2,1,1
3555,2015,6,Packers,Chargers,1,0.6999999999999993,4.9,0.7000000000000002,-1,3,0
3556,2015,7,49ers,Ravens,1,5.6,-0.8999999999999999,0.44999999999999996,-2,14,3
3557,2015,7,Colts,Patriots,0,-2.3,0.9000000000000004,-0.3700000000000001,-1,12,1
3558,2015,7,Eagles,Giants,1,2.6999999999999993,0.7999999999999998,1.58,1,-13,-2
3559,2015,7,49ers,Seahawks,0,-5.4,-0.20000000000000018,-1.55,-2,20,1
3560,2015,7,Jaguars,Bills,1,-0.20000000000000018,-0.2999999999999998,0.2400000000000002,-3,-31,-2
3561,2015,7,Lions,Vikings,0,-0.5,0.5,-0.6000000000000001,-1,28,3
3562,2015,7,Titans,Falcons,0,-1.5,0.7000000000000002,-0.18999999999999995,0,8,1
3563,2015,7,Colts,Saints,0,0.8999999999999995,0.7000000000000002,-0.28,2,18,2
3564,2015,7,Chiefs,Steelers,1,0.9000000000000004,-1.2999999999999998,0.9999999999999998,-3,-5,0
3565,2015,7,Rams,Browns,1,-1.0999999999999996,2.6999999999999997,1.54,-3,-2,-2
3566,2015,7,Dolphins,Texans,1,7.700000000000001,4.3,1.28,0,19,0
3567,2015,7,Patriots,Jets,1,-1.0999999999999996,-1.3,0.9100000000000001,-1,6,1
3568,2015,7,Redskins,Buccaneers,1,-2.4000000000000004,-3.6999999999999997,-0.5100000000000002,0,4,0
3569,2015,7,Chargers,Raiders,0,-3.5,-0.7000000000000002,-0.6600000000000001,2,2,0
3570,2015,8,Giants,Cowboys,1,-1.9000000000000004,-0.40000000000000036,0.4500000000000002,-4,13,1
3571,2015,8,Panthers,Eagles,1,4.2,0.2999999999999998,0.8500000000000001,2,-26,-4
3572,2015,8,Cardinals,Ravens,1,3.5999999999999996,2.0000000000000004,0.5599999999999998,-2,-20,-1
3573,2015,8,Patriots,Dolphins,1,3.2,2.5,2.46,-2,-31,-3
3574,2015,8,Chiefs,Lions,1,-0.2999999999999998,0.6000000000000005,2.92,-2,-17,-3
3575,2015,8,Falcons,Buccaneers,0,2.8000000000000007,0.0,-0.2999999999999998,4,-2,-1
3576,2015,8,Bears,Vikings,0,0.2999999999999998,-2.0000000000000004,-0.2999999999999998,-1,-4,0
3577,2015,8,Browns,Cardinals,0,-4.4,-1.1,-0.9500000000000002,-2,6,0
3578,2015,8,Rams,49ers,1,4.6000000000000005,3.0,1.4,1,-11,-3
3579,2015,8,Saints,Giants,1,2.0999999999999996,-0.09999999999999964,-0.4500000000000002,1,-21,-3
3580,2015,8,Steelers,Bengals,0,-0.40000000000000036,2.6999999999999997,-0.5000000000000001,1,9,0
3581,2015,8,Ravens,Chargers,1,0.10000000000000053,-0.20000000000000018,0.009999999999999787,0,15,2
3582,2015,8,Texans,Titans,1,2.0999999999999996,-1.9,1.0,-3,-25,-4
3583,2015,8,Raiders,Jets,1,2.999999999999999,1.2000000000000002,1.01,-1,-19,-3
3584,2015,9,Cowboys,Seahawks,0,-3.5,0.6999999999999997,-0.10000000000000009,-1,6,1
3585,2015,9,Broncos,Packers,1,9.399999999999999,0.40000000000000036,2.1100000000000003,1,-27,-3
3586,2015,9,Panthers,Colts,1,2.0999999999999996,0.0,0.28,-1,1,0
3587,2015,9,Bengals,Browns,1,3.6999999999999993,0.0,1.99,0,-9,-1
3588,2015,9,Bills,Dolphins,1,4.800000000000001,2.9000000000000004,1.78,-1,0,1
3589,2015,9,Vikings,Rams,1,0.7000000000000002,-0.3000000000000007,0.20999999999999996,1,3,0
3590,2015,9,Patriots,Redskins,1,2.4000000000000004,1.9000000000000004,1.34,0,-4,-1
3591,2015,9,Saints,Titans,0,-0.40000000000000036,-1.7000000000000002,-0.29000000000000004,1,32,4
3592,2015,9,Jets,Jaguars,1,-0.7000000000000002,-4.2,0.10000000000000009,-4,-32,-4
3593,2015,9,Steelers,Raiders,1,1.2000000000000002,0.9000000000000004,0.46999999999999975,-2,11,1
3594,2015,9,Panthers,Packers,1,3.0,-0.10000000000000009,0.6600000000000001,-1,-38,-5
3595,2015,9,49ers,Falcons,1,0.7999999999999998,2.3,-0.030000000000000027,2,-18,-2
3596,2015,9,Buccaneers,Giants,0,1.6000000000000005,2.4000000000000004,-1.2700000000000002,1,0,0
3597,2015,9,Colts,Broncos,1,-0.7999999999999998,0.5,0.050000000000000266,-2,0,0
3598,2015,10,Cowboys,Eagles,0,-0.7000000000000002,-0.3000000000000007,-0.2999999999999998,1,14,3
3599,2015,10,Chargers,Bears,0,-2.2,0.2999999999999998,0.10999999999999988,-1,10,1
3600,2015,10,Jets,Bills,0,0.6999999999999993,0.7999999999999998,-0.44000000000000017,4,-23,-3
3601,2015,10,Packers,Lions,0,-1.1000000000000005,0.9000000000000001,-0.3600000000000001,-1,8,3
3602,2015,10,Titans,Panthers,0,0.0,-0.5,-1.7000000000000002,2,-26,-4
3603,2015,10,Rams,Bears,0,-4.999999999999999,0.40000000000000036,-1.92,0,-5,-1
3604,2015,10,Eagles,Dolphins,0,2.1000000000000005,-1.4,-0.06999999999999984,1,12,0
3605,2015,10,Steelers,Browns,1,3.500000000000001,1.7999999999999998,1.9100000000000001,-1,-42,-5
3606,2015,10,Buccaneers,Cowboys,1,0.2999999999999998,1.2000000000000002,0.31000000000000005,1,6,-1
3607,2015,10,Redskins,Saints,1,5.1,0.40000000000000036,3.43,-2,6,1
3608,2015,10,Ravens,Jaguars,0,3.0999999999999996,0.10000000000000053,-0.030000000000000027,3,-12,-2
3609,2015,10,Raiders,Vikings,0,1.2000000000000002,-3.5999999999999996,-1.46,2,-3,-2
3610,2015,10,Broncos,Chiefs,0,-2.9000000000000004,1.0,-1.0699999999999998,5,22,3
3611,2015,10,Giants,Patriots,0,0.0,0.20000000000000018,-0.08000000000000007,-1,14,0
3612,2015,11,Seahawks,Cardinals,0,0.0,2.9000000000000004,-0.1200000000000001,-2,-17,-1
3613,2015,11,Bengals,Texans,0,-0.5,0.40000000000000036,-0.2799999999999999,1,-3,1
3614,2015,11,Jaguars,Titans,1,0.9000000000000004,-0.10000000000000009,0.6499999999999999,1,5,0
3615,2015,11,Falcons,Colts,0,-0.2999999999999998,1.5,-0.3799999999999999,1,-6,-1
3616,2015,11,Bears,Broncos,0,0.09999999999999964,-1.3000000000000003,-0.05999999999999983,2,-27,-3
3617,2015,11,Lions,Raiders,1,1.0,1.0,0.5,0,11,3
3618,2015,11,Dolphins,Cowboys,0,-2.1000000000000005,0.5999999999999996,-1.13,-1,41,1
3619,2015,11,Eagles,Buccaneers,0,-2.1999999999999993,-1.7999999999999998,-2.44,3,6,2
3620,2015,11,Panthers,Redskins,1,0.8999999999999995,2.4000000000000004,2.15,-5,-15,-3
3621,2015,11,Ravens,Rams,1,1.5999999999999996,0.6000000000000001,0.06999999999999995,-2,2,0
3622,2015,11,Texans,Jets,1,1.8000000000000007,0.0,0.5,-1,-10,-2
3623,2015,11,Chargers,Chiefs,0,-4.300000000000001,-2.8000000000000003,-3.03,2,8,0
3624,2015,11,Vikings,Packers,0,0.7000000000000002,1.6,-1.42,1,32,4
3625,2015,11,Seahawks,49ers,1,1.3999999999999995,2.0999999999999996,1.34,0,-10,0
3626,2015,11,Cardinals,Bengals,1,2.5999999999999996,-0.20000000000000018,0.4500000000000002,1,-21,-2
3627,2015,11,Patriots,Bills,1,0.7000000000000002,0.7999999999999998,0.54,0,-2,-1
3628,2015,12,Lions,Eagles,1,2.5999999999999996,0.8999999999999999,2.92,-1,-25,-4
3629,2015,12,Cowboys,Panthers,0,-1.5999999999999996,-1.2999999999999998,-2.27,3,2,1
3630,2015,12,Packers,Bears,0,-1.6999999999999993,3.0,-0.33999999999999986,2,3,1
3631,2015,12,Falcons,Vikings,0,0.5999999999999996,-0.10000000000000053,-1.11,2,20,2
3632,2015,12,Bengals,Rams,1,3.7,-1.0,2.2399999999999998,-2,-8,-1
3633,2015,12,Titans,Raiders,0,-3.0,-0.3999999999999999,-0.10000000000000009,0,6,1
3634,2015,12,Colts,Buccaneers,1,1.5,-5.3,1.3,-1,-27,-2
3635,2015,12,Chiefs,Bills,1,1.0,1.3000000000000007,0.5299999999999998,-2,-5,0
3636,2015,12,Jets,Dolphins,1,1.9000000000000004,2.7,1.49,-2,-27,-2
3637,2015,12,Redskins,Giants,1,4.5,0.2999999999999998,0.45999999999999996,-3,-22,-3
3638,2015,12,Jaguars,Chargers,0,-0.20000000000000018,2.4000000000000004,-0.5,1,1,0
3639,2015,12,Texans,Saints,1,2.2,-0.5999999999999996,1.58,0,0,-1
3640,2015,12,49ers,Cardinals,0,1.7000000000000002,1.5,-0.45999999999999996,2,13,1
3641,2015,12,Seahawks,Steelers,1,3.0999999999999996,-0.39999999999999947,0.69,-4,-1,0
3642,2015,12,Broncos,Patriots,1,-0.20000000000000018,3.1999999999999997,0.3999999999999999,0,-2,0
3643,2015,12,Browns,Ravens,0,-1.0999999999999996,-1.0,-0.5499999999999998,-2,14,2
3644,2015,13,Lions,Packers,0,-0.8999999999999995,1.2000000000000002,-0.16000000000000014,0,-12,0
3645,2015,13,Bills,Texans,1,3.299999999999999,0.40000000000000036,0.8799999999999999,-1,-10,-1
3646,2015,13,Bears,49ers,0,1.0,-1.2999999999999998,-0.45999999999999996,1,-18,-3
3647,2015,13,Browns,Bengals,0,-5.199999999999999,-0.8000000000000003,-3.8100000000000005,2,19,2
3648,2015,13,Titans,Jaguars,1,0.5,2.1,0.5699999999999998,1,-9,2
3649,2015,13,Rams,Cardinals,0,-4.3,-0.5,-2.02,1,-13,-2
3650,2015,13,Dolphins,Ravens,1,-1.7999999999999998,1.6999999999999997,0.25,-1,-23,-2
3651,2015,13,Vikings,Seahawks,0,-5.9,-2.9,-3.0999999999999996,0,10,2
3652,2015,13,Giants,Jets,0,0.8000000000000007,-0.6999999999999997,-0.09999999999999987,0,-1,0
3653,2015,13,Buccaneers,Falcons,1,2.499999999999999,0.8999999999999999,0.3999999999999999,1,-9,-2
3654,2015,13,Raiders,Chiefs,0,-1.0,0.09999999999999964,-1.08,1,2,0
3655,2015,13,Chargers,Broncos,0,-1.0,0.6000000000000001,-1.28,2,16,3
3656,2015,13,Patriots,Eagles,0,0.7000000000000002,0.19999999999999973,-1.31,1,24,3
3657,2015,13,Saints,Panthers,0,-1.6000000000000005,-0.09999999999999964,0.23999999999999977,-2,9,1
3658,2015,13,Steelers,Colts,1,3.8000000000000007,1.9000000000000004,2.98,-1,-34,-5
3659,2015,13,Redskins,Cowboys,0,-1.3999999999999995,-1.2000000000000002,-0.25,-2,24,2
3660,2015,14,Cardinals,Vikings,1,-0.3000000000000007,0.2999999999999998,0.07999999999999963,-3,-4,-1
3661,2015,14,Bears,Redskins,0,0.5,1.0,-0.08000000000000007,0,0,0
3662,2015,14,Bengals,Steelers,0,1.799999999999999,1.0,-1.4799999999999998,2,6,1
3663,2015,14,Browns,49ers,1,2.6999999999999993,1.3999999999999995,1.0899999999999999,2,-25,-7
3664,2015,14,Chiefs,Chargers,1,2.3,3.6,0.78,1,-15,-3
3665,2015,14,Rams,Lions,1,0.40000000000000036,1.4000000000000004,0.9300000000000002,0,-15,-3
3666,2015,14,Jets,Titans,1,0.39999999999999947,3.6000000000000005,2.27,-1,-40,-4
3667,2015,14,Eagles,Bills,1,-1.1000000000000005,-1.4,0.09999999999999987,-1,7,0
3668,2015,14,Buccaneers,Saints,0,-1.7999999999999998,3.5999999999999996,-0.51,0,-5,-1
3669,2015,14,Panthers,Falcons,1,6.1000000000000005,1.0000000000000004,3.17,-4,-40,-3
3670,2015,14,Jaguars,Colts,1,2.2,1.2000000000000002,2.8499999999999996,0,-9,0
3671,2015,14,Ravens,Seahawks,0,-2.3,-1.4,-2.9,1,0,1
3672,2015,14,Broncos,Raiders,0,2.0000000000000004,0.40000000000000013,-0.07999999999999996,2,-4,2
3673,2015,14,Packers,Cowboys,1,2.5000000000000004,-3.3999999999999995,1.75,-1,-2,0
3674,2015,14,Texans,Patriots,0,-2.3999999999999995,0.2999999999999998,-1.79,0,28,3
3675,2015,14,Dolphins,Giants,0,-5.2,2.8,-0.5800000000000001,0,1,1
3676,2015,15,Rams,Buccaneers,1,5.7,-2.4000000000000004,0.4900000000000002,-2,13,2
3677,2015,15,Cowboys,Jets,0,-2.4000000000000004,3.5,-0.1299999999999999,3,19,0
3678,2015,15,Colts,Texans,0,-1.0,-1.6,-0.42000000000000004,0,-3,0
3679,2015,15,Vikings,Bears,1,5.6,-1.1,2.67,-2,-22,-4
3680,2015,15,Patriots,Titans,1,0.6000000000000005,0.8000000000000003,1.86,-2,-37,-3
3681,2015,15,Giants,Panthers,0,-1.6000000000000005,0.09999999999999964,-0.19999999999999973,1,-31,-3
3682,2015,15,Redskins,Bills,1,3.0999999999999996,-3.1000000000000005,1.0,1,-12,-4
3683,2015,15,Jaguars,Falcons,0,0.5,1.7000000000000002,-0.3699999999999999,0,11,1
3684,2015,15,Ravens,Chiefs,0,-0.5,0.5999999999999996,-2.23,3,1,-1
3685,2015,15,Raiders,Packers,0,0.5,1.0999999999999996,-0.7100000000000002,0,10,1
3686,2015,15,Seahawks,Browns,1,3.8,-0.40000000000000036,1.89,-1,-17,-1
3687,2015,15,Steelers,Broncos,1,0.0,-2.8000000000000003,0.47,0,11,1
3688,2015,15,Chargers,Dolphins,1,2.9000000000000004,1.6,1.23,1,-20,-2
3689,2015,15,49ers,Bengals,0,-3.000000000000001,1.3000000000000003,-0.83,3,14,0
3690,2015,15,Eagles,Cardinals,0,0.5,-2.2,-1.9100000000000001,4,0,0
3691,2015,15,Saints,Lions,0,-3.500000000000001,-2.7,-1.0499999999999998,-1,3,-2
3692,2015,16,Raiders,Chargers,1,-0.9000000000000004,1.5000000000000004,0.09999999999999987,0,23,2
3693,2015,16,Eagles,Redskins,0,-1.2999999999999998,0.19999999999999973,-1.0,2,13,3
3694,2015,16,Titans,Texans,0,-3.3,-0.2999999999999998,-1.9700000000000002,3,2,0
3695,2015,16,Falcons,Panthers,1,6.1000000000000005,-5.199999999999999,0.6000000000000001,0,-19,0
3696,2015,16,Bills,Cowboys,1,3.5999999999999996,1.1000000000000005,1.0,0,7,3
3697,2015,16,Lions,49ers,1,1.6000000000000005,-2.1999999999999997,1.2100000000000002,-1,-7,-1
3698,2015,16,Chiefs,Browns,1,1.2999999999999998,-1.4000000000000004,0.5899999999999999,0,3,1
3699,2015,16,Dolphins,Colts,0,1.5,-1.0,-0.47,1,41,4
3700,2015,16,Jets,Patriots,1,-0.09999999999999964,2.4,0.3599999999999999,0,1,-1
3701,2015,16,Buccaneers,Bears,0,4.1000000000000005,-0.2999999999999998,-0.41999999999999993,3,7,0
3702,2015,16,Ravens,Steelers,1,0.7000000000000002,-1.6,0.27,-3,-13,-2
3703,2015,16,Saints,Jaguars,1,1.299999999999999,-0.3999999999999999,1.3499999999999996,-2,-11,-1
3704,2015,16,Cardinals,Packers,1,6.6000000000000005,0.8000000000000003,2.83,-2,-69,-7
3705,2015,16,Seahawks,Rams,0,1.7000000000000002,-0.6999999999999997,-0.5399999999999998,3,36,4
3706,2015,16,Vikings,Giants,1,-2.0,0.8000000000000007,2.37,-3,-12,-1
3707,2015,16,Broncos,Bengals,1,1.7999999999999998,2.1000000000000005,0.27,0,8,1
3708,2016,17,Falcons,Saints,0,1.5999999999999996,0.5,-0.10000000000000009,1,7,1
3709,2016,17,Bills,Jets,1,1.7000000000000002,-4.6,0.41000000000000014,-2,-3,1
3710,2016,17,Bears,Lions,0,2.999999999999999,1.0999999999999996,-0.17999999999999972,3,-5,0
3711,2016,17,Bengals,Ravens,1,0.40000000000000036,2.6000000000000005,0.6699999999999999,-2,3,2
3712,2016,17,Browns,Steelers,0,-5.8999999999999995,2.1,-1.23,1,63,7
3713,2016,17,Cowboys,Redskins,0,-2.5999999999999996,2.1000000000000005,-0.7000000000000002,4,10,3
3714,2016,17,Colts,Titans,1,1.7999999999999998,-1.0999999999999996,0.6499999999999999,0,-36,-3
3715,2016,17,Dolphins,Patriots,1,4.0,0.19999999999999973,0.84,0,-6,-1
3716,2016,17,Giants,Eagles,0,-1.5000000000000009,1.2000000000000002,-0.4500000000000002,-1,3,1
3717,2016,17,Texans,Jaguars,1,0.20000000000000018,2.9000000000000004,2.07,-3,-49,-6
3718,2016,17,Broncos,Chargers,1,3.5999999999999996,2.8,0.3700000000000001,4,-13,-1
3719,2016,17,Chiefs,Raiders,1,1.2000000000000002,1.7999999999999998,0.3699999999999999,1,-28,-5
3720,2016,17,Cardinals,Seahawks,0,-1.7000000000000002,-1.7999999999999998,-2.7199999999999998,3,-8,1
3721,2016,17,49ers,Rams,1,1.9000000000000004,-0.7000000000000002,0.030000000000000027,1,4,1
3722,2016,17,Panthers,Buccaneers,1,3.200000000000001,0.0,2.45,-1,22,2
3723,2016,17,Packers,Vikings,0,1.4000000000000004,-2.6999999999999997,-0.9199999999999999,0,9,2
3724,2016,18,Texans,Chiefs,0,-4.6000000000000005,0.7999999999999998,-2.5,4,7,0
3725,2016,18,Bengals,Steelers,0,-1.0,-2.0,-0.21999999999999997,2,-14,-1
3726,2016,18,Vikings,Seahawks,0,0.20000000000000018,-1.5,-0.09000000000000008,0,8,1
3727,2016,18,Redskins,Packers,0,0.20000000000000018,0.2999999999999998,-1.31,0,54,5
3728,2016,19,Patriots,Chiefs,1,2.3,-1.5,0.48,-1,-3,-1
3729,2016,19,Cardinals,Packers,1,2.3,-3.9999999999999996,0.3599999999999999,1,11,2
3730,2016,19,Panthers,Seahawks,1,0.10000000000000053,-3.0,0.9199999999999999,-2,-31,-4
3731,2016,19,Broncos,Steelers,1,-2.6000000000000005,-1.2000000000000002,0.4099999999999999,-1,-21,-2
3732,2016,20,Broncos,Patriots,1,-0.7000000000000002,0.6999999999999997,0.13000000000000012,-1,13,-1
3733,2016,20,Panthers,Cardinals,1,6.1,0.2999999999999998,2.62,-6,3,-2
3734,2016,21,Broncos,Panthers,1,-0.2999999999999998,-1.2000000000000002,1.0899999999999999,-2,-31,-2
3735,2016,1,Broncos,Panthers,1,0.7999999999999998,0.1999999999999993,-0.09000000000000008,2,1,-1
3736,2016,1,Falcons,Buccaneers,0,-0.5,-0.8000000000000003,-0.5800000000000001,-1,12,3
3737,2016,1,Titans,Vikings,0,-1.1000000000000005,0.6000000000000001,-1.05,3,19,2
3738,2016,1,Chiefs,Chargers,1,0.40000000000000036,-0.39999999999999947,0.5,1,23,2
3739,2016,1,Saints,Raiders,0,1.5999999999999996,-2.4000000000000004,-0.0900000000000003,1,4,1
3740,2016,1,Jets,Bengals,0,-5.4,2.0999999999999996,0.11000000000000032,0,-41,-6
3741,2016,1,Eagles,Browns,1,0.7999999999999998,-1.8000000000000003,1.65,-1,-14,-1
3742,2016,1,Jaguars,Packers,0,1.7999999999999998,-1.9999999999999998,-0.40000000000000036,1,20,2
3743,2016,1,Ravens,Bills,1,2.5,0.2999999999999998,0.52,1,17,2
3744,2016,1,Texans,Bears,1,-0.3000000000000007,0.10000000000000009,0.6000000000000001,0,-15,-3
3745,2016,1,Seahawks,Dolphins,1,0.39999999999999947,0.2999999999999998,0.17000000000000004,2,-18,-2
3746,2016,1,Cowboys,Giants,0,-2.2,-1.3000000000000003,-0.3200000000000003,-1,-4,-2
3747,2016,1,Colts,Lions,0,-0.7000000000000002,-0.5,-0.36999999999999966,0,9,1
3748,2016,1,Cardinals,Patriots,0,-1.0,1.4,-0.19999999999999973,-2,12,1
3749,2016,1,Redskins,Steelers,0,-0.09999999999999964,-0.3000000000000007,-2.1999999999999997,1,-10,-1
3750,2016,1,49ers,Rams,1,1.5000000000000004,0.8000000000000003,2.0,-1,-10,-2
3751,2016,2,Bills,Jets,0,-1.0,1.1,-0.2599999999999998,0,-4,-1
3752,2016,2,Browns,Ravens,0,0.5999999999999996,3.1999999999999997,-0.26,0,18,3
3753,2016,2,Lions,Titans,0,-0.7999999999999998,0.20000000000000018,-0.10000000000000009,0,8,1
3754,2016,2,Patriots,Dolphins,1,0.0,-0.20000000000000018,0.5800000000000001,-3,22,2
3755,2016,2,Giants,Saints,1,3.0,-1.2000000000000002,0.27,3,-1,0
3756,2016,2,Steelers,Bengals,1,0.0,0.7999999999999998,0.6399999999999999,0,9,0
3757,2016,2,Redskins,Cowboys,0,-1.700000000000001,1.4,-0.40000000000000036,0,0,-2
3758,2016,2,Panthers,49ers,1,2.200000000000001,2.3,1.7,1,-6,-1
3759,2016,2,Texans,Chiefs,1,3.1000000000000005,-3.4,0.44000000000000006,-1,0,-2
3760,2016,2,Rams,Seahawks,1,0.5,-0.19999999999999973,0.6000000000000001,-1,5,1
3761,2016,2,Cardinals,Buccaneers,1,4.8999999999999995,-0.5,2.83,-5,-18,-2
3762,2016,2,Broncos,Colts,1,3.8999999999999995,0.2999999999999998,2.11,-1,-27,-4
3763,2016,2,Raiders,Falcons,0,-4.800000000000001,1.4000000000000004,-0.9500000000000002,-1,-7,0
3764,2016,2,Chargers,Jaguars,1,1.9000000000000004,-2.0,2.0,-2,3,1
3765,2016,2,Vikings,Packers,1,3.1999999999999993,-2.2,0.3800000000000001,-2,-1,-1
3766,2016,2,Bears,Eagles,0,2.3,0.5,-1.15,3,5,1
3767,2016,3,Patriots,Texans,1,0.7999999999999998,0.7000000000000002,2.08,-3,-15,-1
3768,2016,3,Bills,Cardinals,1,-1.6,2.5,1.0699999999999998,-4,3,-1
3769,2016,3,Bengals,Broncos,0,-2.5999999999999996,2.6000000000000005,-0.8699999999999999,1,8,2
3770,2016,3,Packers,Lions,1,-0.5999999999999996,2.8999999999999995,0.3999999999999999,-1,-13,-1
3771,2016,3,Titans,Raiders,0,-0.5999999999999996,1.2999999999999998,-0.59,2,-2,0
3772,2016,3,Dolphins,Browns,1,1.0999999999999996,-0.7000000000000002,0.1499999999999999,2,-10,-3
3773,2016,3,Giants,Redskins,0,0.20000000000000107,2.7,-0.18999999999999995,2,-1,0
3774,2016,3,Panthers,Vikings,0,0.09999999999999964,1.4,-1.0,3,46,6
3775,2016,3,Jaguars,Ravens,0,-0.5999999999999996,-1.5,-0.1499999999999999,0,11,2
3776,2016,3,Seahawks,49ers,1,4.3,-0.3000000000000007,1.35,1,17,2
3777,2016,3,Buccaneers,Rams,0,-0.2999999999999998,-0.40000000000000036,-0.6200000000000001,0,9,1
3778,2016,3,Colts,Chargers,1,0.5,1.4,0.1599999999999997,-1,3,0
3779,2016,3,Chiefs,Jets,1,2.4000000000000004,-2.5999999999999996,2.13,-7,16,2
3780,2016,3,Eagles,Steelers,1,4.699999999999999,1.3000000000000003,3.13,-2,-35,-4
3781,2016,4,Cowboys,Bears,1,3.9000000000000004,-0.6999999999999993,1.55,-1,-5,-1
3782,2016,4,Saints,Falcons,0,-0.9000000000000004,-2.0,-1.44,2,2,0
3783,2016,4,Bengals,Dolphins,1,2.799999999999999,-2.6999999999999997,1.19,-2,-18,-4
3784,2016,4,Jaguars,Colts,1,1.4000000000000004,0.9000000000000004,0.2799999999999998,-1,-32,-3
3785,2016,4,Falcons,Panthers,1,6.1,0.30000000000000027,0.94,-1,14,2
3786,2016,4,Bears,Lions,1,2.6999999999999993,0.19999999999999973,-0.010000000000000009,-2,-8,0
3787,2016,4,Patriots,Bills,0,0.6000000000000005,-0.10000000000000053,-1.78,1,16,1
3788,2016,4,Jets,Seahawks,0,-3.0,0.3999999999999999,-0.7,3,-7,2
3789,2016,4,Redskins,Browns,1,0.39999999999999947,-0.20000000000000018,1.44,-2,21,2
3790,2016,4,Ravens,Raiders,0,-0.2999999999999998,1.7000000000000002,0.05999999999999983,0,16,2
3791,2016,4,Texans,Titans,1,-0.20000000000000018,0.8999999999999999,0.9100000000000001,1,4,0
3792,2016,4,Buccaneers,Broncos,0,-2.9000000000000004,0.0,-1.54,3,16,1
3793,2016,4,Cardinals,Rams,0,-1.799999999999999,2.9000000000000004,-0.33999999999999986,4,4,1
3794,2016,4,Chargers,Saints,0,1.9000000000000004,-0.5999999999999999,0.1200000000000001,1,-2,1
3795,2016,5,49ers,Cowboys,0,0.8999999999999995,-1.2999999999999998,-0.7,1,-4,-1
3796,2016,5,Steelers,Chiefs,1,5.199999999999999,0.9000000000000004,2.14,-2,-4,-2
3797,2016,5,Vikings,Giants,1,1.5,-1.0999999999999996,0.9400000000000001,-2,0,0
3798,2016,5,49ers,Cardinals,0,0.3000000000000007,-0.39999999999999947,-0.8000000000000003,3,19,6
3799,2016,5,Browns,Patriots,0,-3.1000000000000005,-1.5999999999999999,-1.75,1,11,1
3800,2016,5,Lions,Eagles,1,-0.40000000000000036,-2.5,0.10999999999999988,-1,8,1
3801,2016,5,Colts,Bears,1,-1.5999999999999996,-1.8999999999999995,0.5500000000000003,-1,24,5
3802,2016,5,Dolphins,Titans,0,2.700000000000001,-2.7,-0.8,2,42,6
3803,2016,5,Vikings,Texans,1,4.8,-1.6,1.64,-1,-13,-2
3804,2016,5,Steelers,Jets,1,1.5999999999999996,-1.7000000000000002,1.64,1,-6,-2
3805,2016,5,Ravens,Redskins,0,-2.0999999999999996,3.2,-0.45999999999999996,-1,12,2
3806,2016,5,Broncos,Falcons,0,-3.7,-0.2999999999999998,-0.6399999999999999,0,23,4
3807,2016,5,Cowboys,Bengals,1,3.0999999999999996,1.1000000000000005,1.3599999999999999,1,-15,-3
3808,2016,5,Raiders,Chargers,1,-4.199999999999999,-0.19999999999999973,0.25,-3,9,1
3809,2016,6,Rams,Bills,0,2.8999999999999995,-3.5999999999999996,-1.0,3,16,2
3810,2016,6,Packers,Giants,1,0.7000000000000002,1.6999999999999997,0.47,1,-21,-4
3811,2016,6,Panthers,Buccaneers,0,3.2,2.3000000000000003,-0.020000000000000018,4,-17,-2
3812,2016,6,Chargers,Broncos,1,1.2999999999999998,-1.8000000000000003,1.17,0,2,0
3813,2016,6,Bills,49ers,1,0.7999999999999998,2.3,2.23,1,-20,0
3814,2016,6,Bears,Jaguars,0,-1.9000000000000004,0.6999999999999997,0.030000000000000027,-2,-3,-1
3815,2016,6,Lions,Rams,1,-1.1999999999999993,-0.2999999999999998,0.3799999999999999,-1,-5,0
3816,2016,6,Titans,Browns,1,3.999999999999999,1.7000000000000002,0.16000000000000014,1,-22,-4
3817,2016,6,Dolphins,Steelers,1,3.1000000000000005,-1.7999999999999998,1.3699999999999999,-2,-20,-2
3818,2016,6,Patriots,Bengals,1,2.5999999999999996,-0.3999999999999999,2.1900000000000004,0,1,1
3819,2016,6,Saints,Panthers,1,3.0,-0.7999999999999998,0.43999999999999995,-1,-14,-1
3820,2016,6,Giants,Ravens,1,2.5,-1.5999999999999996,0.33000000000000007,3,-8,-1
3821,2016,6,Redskins,Eagles,1,1.1000000000000005,2.5,0.4500000000000002,1,-34,-5
3822,2016,6,Raiders,Chiefs,0,-3.1999999999999993,-0.7999999999999998,-1.6,2,3,1
3823,2016,7,Packers,Cowboys,0,-1.5999999999999996,-2.5999999999999996,-1.28,2,-14,-1
3824,2016,7,Seahawks,Falcons,1,-0.3000000000000007,-0.19999999999999973,0.16999999999999993,-2,-16,-3
3825,2016,7,Texans,Colts,1,-0.6000000000000005,0.5999999999999996,0.08000000000000007,0,-8,-2
3826,2016,7,Cardinals,Jets,1,1.1000000000000005,2.5000000000000004,2.25,-2,-8,-1
3827,2016,7,Packers,Bears,1,0.8000000000000007,0.7000000000000002,1.49,-1,13,1
3828,2016,7,Rams,Giants,0,-0.20000000000000018,1.9000000000000001,-0.54,3,20,3
3829,2016,7,Bengals,Browns,1,5.4,2.0999999999999996,1.4000000000000001,-1,10,1
3830,2016,7,Lions,Redskins,1,1.2999999999999998,0.40000000000000036,0.6100000000000001,-2,-2,1
3831,2016,7,Titans,Colts,0,-3.0999999999999996,1.0000000000000004,-0.48999999999999977,1,13,1
3832,2016,7,Chiefs,Saints,1,1.4000000000000004,-0.7000000000000002,0.8999999999999999,-2,-8,-1
3833,2016,7,Dolphins,Bills,1,0.8000000000000007,3.2,0.06000000000000005,0,-15,-3
3834,2016,7,Jets,Ravens,1,3.3,3.0,0.3799999999999999,-1,12,3
3835,2016,7,Eagles,Vikings,1,0.3000000000000007,0.5,0.7900000000000001,0,-35,-6
3836,2016,7,Jaguars,Raiders,0,0.1999999999999993,2.3999999999999995,-1.21,3,7,1
3837,2016,8,Falcons,Chargers,0,-0.20000000000000018,2.0,-0.27,-1,-6,-1
3838,2016,8,49ers,Buccaneers,0,-5.500000000000001,-0.39999999999999947,-1.2000000000000002,2,25,2
3839,2016,8,Steelers,Patriots,0,-2.5,-0.5,-0.9199999999999999,-1,0,0
3840,2016,8,Cardinals,Seahawks,0,0.7999999999999998,0.8999999999999999,-0.030000000000000027,0,11,3
3841,2016,8,Broncos,Texans,1,3.0999999999999996,-0.1999999999999993,1.33,-2,0,-1
3842,2016,8,Titans,Jaguars,1,6.199999999999999,0.5999999999999996,0.7999999999999998,-1,-15,-2
3843,2016,8,Bengals,Redskins,0,-1.7000000000000002,1.0,0.32000000000000006,1,9,2
3844,2016,8,Bills,Patriots,0,-3.3999999999999995,3.3000000000000003,-1.23,0,-21,-3
3845,2016,8,Browns,Jets,0,0.09999999999999964,-1.1000000000000005,-0.25,2,0,-1
3846,2016,8,Colts,Chiefs,0,-3.1999999999999993,1.7000000000000002,-1.23,2,22,3
3847,2016,8,Saints,Seahawks,1,-0.7000000000000002,-0.9000000000000004,0.5599999999999996,0,2,1
3848,2016,8,Buccaneers,Raiders,0,-3.2,-1.5,-0.29000000000000004,-1,-3,0
3849,2016,8,Panthers,Cardinals,1,0.7999999999999998,1.5,1.06,-1,-43,-7
3850,2016,8,Texans,Lions,1,0.10000000000000053,-0.6999999999999997,0.52,1,13,2
3851,2016,9,Broncos,Chargers,1,1.7999999999999998,-2.4000000000000004,0.5699999999999998,0,-12,-3
3852,2016,9,Falcons,Packers,1,2.0,-1.0,0.10999999999999988,0,-12,-1
3853,2016,9,Cowboys,Eagles,1,2.3999999999999995,1.5,0.31000000000000005,0,6,-1
3854,2016,9,Bears,Vikings,1,2.5,2.2,1.0,0,-20,-4
3855,2016,9,Buccaneers,Falcons,0,-2.8,-0.5,-1.1100000000000003,1,-9,0
3856,2016,9,Browns,Cowboys,0,-2.5,-0.5,-2.64,0,26,4
3857,2016,9,Chiefs,Jaguars,1,-0.9000000000000004,-3.6000000000000005,0.19000000000000017,-4,10,0
3858,2016,9,Dolphins,Jets,1,-1.8999999999999995,-2.4000000000000004,0.15000000000000036,-2,-10,-2
3859,2016,9,Vikings,Lions,0,0.5999999999999996,-0.7999999999999998,-0.3999999999999999,-1,9,1
3860,2016,9,Giants,Eagles,1,-0.5,-1.5999999999999996,0.3400000000000001,0,-8,-1
3861,2016,9,Ravens,Steelers,1,1.7999999999999998,-0.30000000000000004,0.46999999999999986,0,3,1
3862,2016,9,Rams,Panthers,0,0.2999999999999998,1.1,-0.2699999999999999,1,-24,-1
3863,2016,9,49ers,Saints,0,1.799999999999999,-0.40000000000000036,-1.23,4,5,0
3864,2016,9,Packers,Colts,0,-0.7999999999999998,3.0999999999999996,-0.41000000000000014,-1,-3,1
3865,2016,10,Chargers,Titans,1,0.7999999999999998,1.0999999999999996,0.9900000000000002,-3,7,1
3866,2016,10,Raiders,Broncos,1,-1.4000000000000004,2.3,0.8300000000000001,-2,-12,0
3867,2016,10,Seahawks,Bills,1,2.7,-1.5,0.6000000000000001,-1,11,-1
3868,2016,10,Ravens,Browns,1,3.1999999999999997,1.0,1.69,-1,-20,-2
3869,2016,10,Titans,Packers,1,4.700000000000001,-0.2999999999999998,1.44,-3,-33,-4
3870,2016,10,Saints,Broncos,0,4.3,1.0,-0.16000000000000014,2,-14,-5
3871,2016,10,Jets,Rams,0,-0.2999999999999998,1.8999999999999995,-0.2699999999999999,1,-4,-2
3872,2016,10,Eagles,Falcons,1,-1.6000000000000005,1.7999999999999998,0.75,0,-2,0
3873,2016,10,Buccaneers,Bears,1,3.0999999999999996,-3.4999999999999996,2.5,-3,11,0
3874,2016,10,Redskins,Vikings,1,0.8000000000000007,2.3999999999999995,0.6000000000000001,0,-21,-2
3875,2016,10,Panthers,Chiefs,0,2.1000000000000005,-1.1999999999999997,-0.44999999999999996,1,6,-1
3876,2016,10,Jaguars,Texans,0,1.6,-1.9,-0.2999999999999998,2,11,1
3877,2016,10,Chargers,Dolphins,0,-2.5999999999999996,-1.3000000000000003,-0.8199999999999998,3,8,2
3878,2016,10,Cardinals,49ers,1,0.8000000000000007,0.5,-0.050000000000000044,3,1,-1
3879,2016,11,Steelers,Cowboys,0,-0.5,-2.5999999999999996,-0.6800000000000002,-1,-16,-1
3880,2016,11,Patriots,Seahawks,0,0.6999999999999993,-0.8000000000000003,-0.7000000000000002,2,-12,-1
3881,2016,11,Giants,Bengals,1,-1.2000000000000002,1.1,0.08000000000000007,1,-7,-2
3882,2016,11,Panthers,Saints,1,-0.7999999999999998,-2.4,0.41999999999999993,-2,-2,-1
3883,2016,11,Bengals,Bills,0,-1.1000000000000005,-2.0000000000000004,-0.3599999999999999,1,-7,-1
3884,2016,11,Cowboys,Ravens,1,0.7000000000000011,-2.4,1.3,0,0,0
3885,2016,11,Browns,Steelers,0,-0.2999999999999998,-2.7,-2.31,2,70,8
3886,2016,11,Lions,Jaguars,1,2.2,-2.4000000000000004,0.9999999999999998,-1,15,3
3887,2016,11,Colts,Titans,1,2.3,-0.8999999999999999,0.4800000000000002,1,-25,-3
3888,2016,11,Chiefs,Buccaneers,0,0.0,0.5,-0.49,1,-5,-1
3889,2016,11,Vikings,Cardinals,1,1.1000000000000005,-1.7999999999999998,0.5,-1,-19,-2
3890,2016,11,Giants,Bears,1,-1.1000000000000005,-0.20000000000000018,0.3800000000000001,-1,-30,-4
3891,2016,11,Rams,Dolphins,0,-0.20000000000000018,-1.6,-0.3700000000000001,0,-21,-3
3892,2016,11,49ers,Patriots,0,-0.8999999999999995,-1.2000000000000002,-0.95,0,22,4
3893,2016,11,Seahawks,Eagles,1,4.7,0.7999999999999998,0.7100000000000002,-2,-23,-1
3894,2016,11,Redskins,Packers,1,4.3999999999999995,0.5999999999999996,1.6399999999999997,-2,-9,0
3895,2016,12,Raiders,Texans,1,3.5999999999999996,-2.3,0.4500000000000002,-1,-13,-2
3896,2016,12,Lions,Vikings,1,-0.6999999999999993,-0.1999999999999993,0.16000000000000014,-1,18,2
3897,2016,12,Cowboys,Redskins,1,-0.5999999999999996,2.5000000000000004,0.18999999999999995,0,5,1
3898,2016,12,Colts,Steelers,0,-4.6,-1.0999999999999996,-2.33,2,21,3
3899,2016,12,Falcons,Cardinals,1,1.1000000000000005,-0.19999999999999973,1.9,0,10,1
3900,2016,12,Bills,Jaguars,1,3.9000000000000004,0.39999999999999947,0.6399999999999999,0,7,3
3901,2016,12,Bears,Titans,0,-3.9000000000000004,-0.7999999999999998,-0.5400000000000003,2,0,0
3902,2016,12,Browns,Giants,0,-0.5999999999999996,-1.1,-1.21,2,35,6
3903,2016,12,Dolphins,49ers,1,2.700000000000001,-4.0,0.6399999999999997,-2,8,0
3904,2016,12,Saints,Rams,1,3.8000000000000007,2.4000000000000004,2.15,-1,-22,-1
3905,2016,12,Ravens,Bengals,1,0.6999999999999993,-0.10000000000000009,0.31000000000000005,-1,-7,-1
3906,2016,12,Texans,Chargers,0,-1.2999999999999998,0.5,-0.8299999999999998,3,0,0
3907,2016,12,Buccaneers,Seahawks,1,4.300000000000001,-2.4,0.72,-1,-33,-6
3908,2016,12,Raiders,Panthers,1,0.0,-3.4000000000000004,0.3999999999999999,0,-12,-1
3909,2016,12,Jets,Patriots,0,2.7,-1.5,-0.44999999999999996,2,0,1
3910,2016,12,Broncos,Chiefs,0,5.7,0.09999999999999964,-0.07000000000000006,1,-2,-1
3911,2016,13,Eagles,Packers,0,-2.0999999999999996,1.9,-1.5199999999999998,1,43,4
3912,2016,13,Vikings,Cowboys,0,-2.0,-0.40000000000000036,0.050000000000000044,-1,7,0
3913,2016,13,Falcons,Chiefs,0,-2.0999999999999996,-1.2999999999999998,-0.5100000000000002,0,3,1
3914,2016,13,Bears,49ers,1,9.799999999999999,-0.49999999999999956,1.67,1,-25,-5
3915,2016,13,Bengals,Eagles,1,5.6,-0.3999999999999999,1.6400000000000001,-1,-2,-1
3916,2016,13,Packers,Texans,1,1.4000000000000004,-0.39999999999999947,0.9200000000000002,0,-9,-1
3917,2016,13,Patriots,Rams,1,1.9,1.7999999999999998,1.23,-2,-35,-4
3918,2016,13,Saints,Lions,0,-0.7999999999999998,0.5,-1.8099999999999998,3,3,-1
3919,2016,13,Jaguars,Broncos,0,0.09999999999999964,0.39999999999999947,-0.8099999999999999,3,0,-1
3920,2016,13,Ravens,Dolphins,1,2.3,1.6,2.62,-1,-11,-2
3921,2016,13,Raiders,Bills,1,2.5,-2.8,1.17,-2,-21,-4
3922,2016,13,Cardinals,Redskins,1,-0.5,-1.0999999999999996,0.8000000000000003,-2,-6,0
3923,2016,13,Steelers,Giants,1,2.8000000000000007,-0.10000000000000009,0.8300000000000001,0,0,0
3924,2016,13,Chargers,Buccaneers,0,-0.8000000000000007,2.0999999999999996,-1.0099999999999998,1,2,1
3925,2016,13,Seahawks,Panthers,1,2.0,4.1000000000000005,3.06,-1,21,3
3926,2016,13,Jets,Colts,0,-3.8999999999999995,-0.8999999999999999,-2.59,2,-5,0
3927,2016,14,Chiefs,Raiders,1,7.2,-2.0000000000000004,0.75,3,-2,0
3928,2016,14,Bills,Steelers,0,1.200000000000001,-2.0,-0.6300000000000001,-2,20,5
3929,2016,14,Browns,Bengals,0,-2.2,2.1000000000000005,-1.2999999999999998,1,-14,-1
3930,2016,14,Lions,Bears,1,-0.40000000000000036,-1.3000000000000007,0.10000000000000009,2,6,2
3931,2016,14,Titans,Broncos,1,-2.8,2.3,0.2699999999999999,-2,-5,-1
3932,2016,14,Colts,Texans,0,0.40000000000000036,1.0,-0.44999999999999996,2,-5,-1
3933,2016,14,Dolphins,Cardinals,1,5.3999999999999995,-3.8,0.33000000000000007,-1,-9,-2
3934,2016,14,Eagles,Redskins,0,-4.500000000000001,-1.0,-0.010000000000000231,1,19,2
3935,2016,14,Panthers,Chargers,1,-0.1999999999999993,0.3999999999999999,0.9199999999999999,-4,-2,-3
3936,2016,14,Jaguars,Vikings,0,-2.3999999999999995,0.6000000000000001,-0.6699999999999999,-1,27,4
3937,2016,14,49ers,Jets,0,-1.7000000000000002,4.499999999999999,-0.45999999999999996,-1,-24,-4
3938,2016,14,Packers,Seahawks,1,3.9000000000000004,-2.1,1.94,-6,-13,-2
3939,2016,14,Rams,Falcons,0,-2.2,1.9,-2.23,5,10,1
3940,2016,14,Buccaneers,Saints,1,0.40000000000000036,0.10000000000000009,0.5,-3,9,1
3941,2016,14,Giants,Cowboys,1,1.9000000000000004,-1.5,0.20000000000000007,0,13,0
3942,2016,14,Patriots,Ravens,1,4.699999999999999,0.7000000000000002,0.5000000000000002,2,-13,-1
3943,2016,15,Seahawks,Rams,1,4.799999999999999,-0.3999999999999999,2.07,1,-29,-2
3944,2016,15,Jets,Dolphins,0,-7.8,2.5,-1.83,3,22,2
3945,2016,15,Bills,Browns,1,1.0,1.9000000000000004,2.37,0,-31,-4
3946,2016,15,Bears,Packers,0,0.8999999999999995,-4.800000000000001,-0.2799999999999998,4,-19,-3
3947,2016,15,Bengals,Steelers,0,-2.5,-0.5999999999999996,-0.44999999999999973,1,10,0
3948,2016,15,Chiefs,Titans,0,-1.5999999999999996,0.5,-0.030000000000000027,-2,4,0
3949,2016,15,Vikings,Colts,0,-3.0,-0.20000000000000018,-2.8,3,43,5
3950,2016,15,Giants,Lions,1,-0.3000000000000007,0.7000000000000002,1.0,-2,10,1
3951,2016,15,Ravens,Eagles,1,2.5,1.8999999999999995,0.08000000000000007,1,6,2
3952,2016,15,Texans,Jaguars,1,3.5999999999999996,-0.8999999999999999,0.07000000000000006,1,-9,-2
3953,2016,15,Falcons,49ers,1,7.6,0.5999999999999996,2.55,0,-18,-1
3954,2016,15,Cardinals,Saints,0,0.20000000000000018,3.6000000000000005,0.09999999999999964,1,-22,-2
3955,2016,15,Broncos,Patriots,0,0.7999999999999998,-0.10000000000000009,-0.98,3,20,2
3956,2016,15,Chargers,Raiders,0,-0.40000000000000036,-1.7000000000000002,-0.28,0,3,1
3957,2016,15,Cowboys,Buccaneers,1,0.8999999999999995,3.1999999999999997,0.5,-3,-8,-1
3958,2016,15,Redskins,Panthers,0,-1.2999999999999998,-2.3,-0.79,3,-1,-1
3959,2016,16,Eagles,Giants,1,1.0,-0.6999999999999997,0.41999999999999993,-2,0,0
3960,2016,16,Bills,Dolphins,0,0.2999999999999998,-1.3000000000000007,-0.41000000000000014,-1,12,2
3961,2016,16,Bears,Redskins,0,-1.3000000000000007,-0.5,-1.82,5,5,1
3962,2016,16,Browns,Chargers,1,-2.5,2.5,0.27,-1,48,9
3963,2016,16,Packers,Vikings,1,0.8000000000000007,-1.8999999999999995,1.38,-2,10,0
3964,2016,16,Patriots,Jets,1,2.0,-1.0,3.17,-4,1,-1
3965,2016,16,Panthers,Falcons,0,-3.5,-1.0999999999999996,-1.67,2,-6,-2
3966,2016,16,Jaguars,Titans,1,3.8,0.10000000000000009,1.8599999999999999,0,-4,-1
3967,2016,16,Raiders,Colts,1,-2.5,1.5,0.73,-3,8,1
3968,2016,16,Rams,49ers,0,-3.5999999999999996,1.0,-0.07000000000000006,0,-1,0
3969,2016,16,Saints,Buccaneers,1,1.1999999999999993,-0.20000000000000018,0.43000000000000016,-2,-12,0
3970,2016,16,Seahawks,Cardinals,0,-3.1999999999999993,-0.30000000000000027,-0.050000000000000266,0,29,5
3971,2016,16,Texans,Bengals,1,-0.7000000000000002,1.4,0.2600000000000001,-1,-3,1
3972,2016,16,Steelers,Ravens,1,2.9000000000000004,1.0999999999999996,0.36999999999999966,1,-16,-2
3973,2016,16,Chiefs,Broncos,1,2.3,1.9000000000000004,1.77,-2,0,0
3974,2016,16,Cowboys,Lions,1,5.0,1.0,1.91,-2,-20,-3
3975,2017,17,Bengals,Ravens,1,2.5999999999999996,-0.5,1.54,-2,-8,-2
3976,2017,17,Titans,Texans,1,0.0,1.5,0.8499999999999999,0,-18,0
3977,2017,17,Colts,Jaguars,1,-0.3000000000000007,-1.7999999999999998,0.31000000000000005,0,18,2
3978,2017,17,Dolphins,Patriots,0,-2.0999999999999996,-0.7999999999999998,-2.1,2,0,0
3979,2017,17,Vikings,Bears,1,0.40000000000000036,-0.5,2.8,-4,-9,-2
3980,2017,17,Jets,Bills,1,1.5,1.8000000000000003,1.31,-3,-12,-2
3981,2017,17,Eagles,Cowboys,1,1.1000000000000005,0.5,1.37,-2,-12,-1
3982,2017,17,Steelers,Browns,1,1.3999999999999995,-4.5,0.07999999999999985,-3,8,0
3983,2017,17,Buccaneers,Panthers,1,-1.0999999999999996,0.5,0.18999999999999995,-1,-16,0
3984,2017,17,Falcons,Saints,1,2.2,0.7999999999999998,0.7800000000000002,-1,-1,-1
3985,2017,17,Broncos,Raiders,1,2.5,0.0,1.25,-2,-7,-2
3986,2017,17,Rams,Cardinals,0,-3.7,-1.1,-2.9499999999999997,1,69,6
3987,2017,17,Chargers,Chiefs,0,-2.3000000000000007,1.7000000000000002,-1.2400000000000002,1,-2,-1
3988,2017,17,49ers,Seahawks,0,1.0999999999999996,-1.5,-0.16000000000000014,2,13,3
3989,2017,17,Redskins,Giants,0,0.7000000000000002,-1.5,-0.81,3,32,3
3990,2017,17,Lions,Packers,0,0.5,-1.3000000000000003,-0.41999999999999993,1,10,1
3991,2017,18,Texans,Raiders,1,3.6,-0.20000000000000018,0.7599999999999999,-3,-22,-3
3992,2017,18,Seahawks,Lions,1,1.2999999999999998,1.4000000000000004,1.9300000000000002,0,-9,0
3993,2017,18,Steelers,Dolphins,1,3.4000000000000004,2.5999999999999996,1.53,-1,-27,-4
3994,2017,18,Packers,Giants,1,1.6000000000000005,-1.0999999999999996,1.71,-2,27,3
3995,2017,19,Falcons,Seahawks,1,1.799999999999999,-1.4,1.6,-2,-2,0
3996,2017,19,Patriots,Texans,1,2.8,-0.9999999999999996,1.12,0,-9,-1
3997,2017,19,Cowboys,Packers,0,0.10000000000000053,0.7000000000000002,0.040000000000000036,0,-18,-1
3998,2017,19,Chiefs,Steelers,0,-2.0999999999999996,-0.5999999999999996,-0.020000000000000018,1,0,0
3999,2017,20,Falcons,Packers,1,4.300000000000001,-2.4,2.7899999999999996,-2,-19,-2
4000,2017,20,Patriots,Steelers,1,2.2,-0.6000000000000001,1.57,-2,10,2
4001,2017,21,Falcons,Patriots,0,3.4000000000000004,1.5999999999999996,-0.07000000000000028,-1,20,0
4002,2017,1,Patriots,Chiefs,0,-3.1999999999999993,-3.4000000000000004,-1.07,-1,4,0
4003,2017,1,Bills,Jets,1,3.3,2.0,0.75,-1,-5,1
4004,2017,1,Bears,Falcons,0,-5.9,3.8,-0.4099999999999999,0,24,2
4005,2017,1,Bengals,Ravens,0,-1.9000000000000004,-0.20000000000000018,-1.67,4,16,4
4006,2017,1,Browns,Steelers,0,-1.0999999999999996,0.19999999999999973,-0.4600000000000002,0,34,6
4007,2017,1,Lions,Cardinals,1,1.5,0.5,0.77,-3,2,0
4008,2017,1,Titans,Raiders,0,-1.5999999999999996,0.7000000000000002,-0.8200000000000001,0,-11,-1
4009,2017,1,Redskins,Eagles,0,-2.5999999999999996,1.4,-0.8,2,31,2
4010,2017,1,Texans,Jaguars,0,-2.9,0.0,-2.06,4,54,10
4011,2017,1,Rams,Colts,1,3.200000000000001,-1.2000000000000002,3.23,-2,-21,-3
4012,2017,1,Packers,Seahawks,1,1.7999999999999998,-2.0,0.7999999999999999,0,2,1
4013,2017,1,49ers,Panthers,0,-2.0999999999999996,0.2999999999999998,-1.7899999999999998,0,27,4
4014,2017,1,Cowboys,Giants,1,1.5,1.3000000000000003,1.8099999999999998,-1,-17,-2
4015,2017,1,Vikings,Saints,1,2.999999999999999,1.4,1.1100000000000003,0,-2,0
4016,2017,1,Broncos,Chargers,1,0.9000000000000004,1.0,0.09000000000000008,1,31,3
4017,2017,1,Bengals,Texans,0,2.0,-1.4,-0.31000000000000005,1,-16,0
4018,2017,2,Colts,Cardinals,0,-3.4000000000000004,-0.6999999999999997,-0.25,0,0,0
4019,2017,2,Chiefs,Eagles,1,1.8000000000000007,-0.39999999999999947,0.8800000000000001,-2,-15,-2
4020,2017,2,Saints,Patriots,0,-3.499999999999999,1.0,-1.6,0,-3,-1
4021,2017,2,Steelers,Vikings,1,2.9000000000000004,-1.3999999999999995,1.42,-1,-11,0
4022,2017,2,Buccaneers,Bears,1,-0.10000000000000053,2.2,2.12,-3,-1,1
4023,2017,2,Panthers,Bills,1,1.2999999999999998,-0.20000000000000018,0.6000000000000001,0,32,3
4024,2017,2,Jaguars,Titans,0,-1.5999999999999996,-1.0,-1.6300000000000001,2,8,1
4025,2017,2,Ravens,Browns,1,-1.0999999999999996,-0.20000000000000018,1.08,-3,9,-1
4026,2017,2,Raiders,Jets,1,2.1999999999999993,1.7000000000000002,2.5,-2,-21,-4
4027,2017,2,Chargers,Dolphins,0,1.700000000000001,-0.3999999999999999,-0.010000000000000009,0,3,-1
4028,2017,2,Broncos,Cowboys,1,1.7000000000000002,1.6999999999999997,2.19,0,19,0
4029,2017,2,Rams,Redskins,0,3.6000000000000005,-1.5,-0.6300000000000001,2,-11,0
4030,2017,2,Seahawks,49ers,1,1.2999999999999998,-4.9,0.18000000000000005,-1,7,1
4031,2017,2,Falcons,Packers,1,1.7999999999999998,1.3000000000000003,1.69,-2,-6,0
4032,2017,2,Giants,Lions,0,0.7999999999999998,-0.8999999999999999,-1.5699999999999998,0,28,2
4033,2017,2,49ers,Rams,0,-2.0999999999999996,-0.5,-0.73,0,24,4
4034,2017,3,Jaguars,Ravens,1,5.5,-0.7000000000000002,2.8,-3,-12,-2
4035,2017,3,Bills,Broncos,1,1.1999999999999993,-2.5,0.8399999999999999,-2,12,1
4036,2017,3,Bears,Steelers,1,-1.6000000000000005,1.7000000000000002,0.21999999999999997,0,-6,-1
4037,2017,3,Lions,Falcons,0,-2.3000000000000007,-1.7000000000000002,-0.14000000000000012,-3,-6,0
4038,2017,3,Colts,Browns,1,5.1,-2.6999999999999997,0.20999999999999996,-2,9,2
4039,2017,3,Vikings,Buccaneers,1,3.299999999999999,0.5,1.39,-3,-12,-2
4040,2017,3,Patriots,Texans,1,0.7999999999999989,-0.8999999999999999,0.020000000000000018,-1,32,3
4041,2017,3,Jets,Dolphins,1,5.8,1.0,1.17,-1,-9,-1
4042,2017,3,Eagles,Giants,1,-2.5999999999999996,2.0000000000000004,0.08000000000000007,-1,15,3
4043,2017,3,Panthers,Saints,0,-2.5999999999999996,0.5,-2.0999999999999996,3,21,3
4044,2017,3,Titans,Seahawks,1,-0.40000000000000036,2.4999999999999996,0.2799999999999998,0,-9,-1
4045,2017,3,Packers,Bengals,1,-0.39999999999999947,0.09999999999999964,0.06999999999999984,0,12,3
4046,2017,3,Chargers,Chiefs,0,-0.20000000000000018,-3.5999999999999996,-1.4899999999999998,3,-22,-3
4047,2017,3,Redskins,Raiders,1,8.8,0.8999999999999999,1.54,-1,-13,-3
4048,2017,4,Cardinals,Cowboys,0,-3.799999999999999,-1.5,-0.9100000000000001,0,33,5
4049,2017,4,Packers,Bears,1,0.09999999999999964,0.3999999999999999,1.9100000000000001,-4,-3,1
4050,2017,4,Dolphins,Saints,0,-1.8000000000000007,0.7999999999999998,-2.22,1,29,3
4051,2017,4,Falcons,Bills,0,-2.3999999999999995,1.8999999999999995,-0.5999999999999999,3,-18,-2
4052,2017,4,Browns,Bengals,0,-4.800000000000001,-0.2999999999999998,-2.1799999999999997,0,-9,-1
4053,2017,4,Cowboys,Rams,0,0.20000000000000018,1.5999999999999996,0.08000000000000007,2,-10,1
4054,2017,4,Vikings,Lions,0,1.5999999999999996,0.8999999999999999,-0.5299999999999999,3,-33,-4
4055,2017,4,Patriots,Panthers,0,-4.0,-0.5999999999999996,-0.33999999999999986,-2,2,1
4056,2017,4,Jets,Jaguars,1,2.8000000000000003,3.5,0.10000000000000009,1,36,4
4057,2017,4,Ravens,Steelers,0,-2.7,1.4000000000000004,-1.42,2,21,3
4058,2017,4,Texans,Titans,1,2.5999999999999996,-0.40000000000000036,3.75,-4,3,0
4059,2017,4,Cardinals,49ers,1,1.9000000000000004,-1.2000000000000002,0.14000000000000012,0,16,3
4060,2017,4,Chargers,Eagles,0,1.2999999999999998,-0.5999999999999996,-0.2200000000000002,1,3,1
4061,2017,4,Buccaneers,Giants,1,2.5999999999999996,1.5999999999999996,0.16000000000000014,0,9,1
4062,2017,5,Broncos,Raiders,1,-0.5999999999999996,2.9,0.5000000000000001,-1,5,1
4063,2017,5,Seahawks,Colts,1,6.1000000000000005,2.0000000000000004,3.0999999999999996,0,-6,0
4064,2017,5,Chiefs,Redskins,1,-2.0999999999999996,1.1000000000000005,1.2200000000000002,-1,32,4
4065,2017,5,Buccaneers,Patriots,0,-0.2999999999999998,-0.40000000000000036,-0.56,-2,1,-1
4066,2017,5,Bengals,Bills,1,5.2,-1.0,0.20999999999999996,2,-22,-5
4067,2017,5,Browns,Jets,0,1.8999999999999995,2.3000000000000003,-0.15000000000000013,2,-14,-2
4068,2017,5,Lions,Panthers,0,-4.6,2.3,-0.25,1,16,3
4069,2017,5,Colts,49ers,1,1.2000000000000002,1.5,-0.08999999999999986,1,9,2
4070,2017,5,Dolphins,Titans,1,-0.8000000000000003,-0.19999999999999973,0.46999999999999986,0,-8,-5
4071,2017,5,Giants,Chargers,0,-0.8000000000000007,1.7999999999999998,-0.3599999999999999,1,42,5
4072,2017,5,Eagles,Cardinals,1,3.6000000000000005,1.5,2.4499999999999997,0,-8,-1
4073,2017,5,Steelers,Jaguars,0,-0.40000000000000036,-2.7,-2.25,4,-2,0
4074,2017,5,Raiders,Ravens,0,-3.2,0.5999999999999996,-1.6300000000000001,1,22,3
4075,2017,5,Rams,Seahawks,0,1.2000000000000002,2.0,-0.31999999999999995,3,-6,-1
4076,2017,6,Cowboys,Packers,0,0.5,-1.7000000000000002,-1.56,2,-33,-3
4077,2017,6,Texans,Chiefs,0,-0.6999999999999993,2.6999999999999997,-1.37,1,12,2
4078,2017,6,Bears,Vikings,0,1.6999999999999993,-1.0999999999999996,-0.25,2,-28,-3
4079,2017,6,Panthers,Eagles,0,-2.7,-0.5,-0.3799999999999999,2,1,-1
4080,2017,6,Falcons,Dolphins,0,2.2,0.7999999999999998,-0.3300000000000003,0,9,2
4081,2017,6,Vikings,Packers,1,2.0999999999999996,0.5,0.9400000000000001,-1,-20,-4
4082,2017,6,Saints,Lions,1,0.7999999999999998,1.7000000000000002,1.0099999999999998,-2,-31,-5
4083,2017,6,Jets,Patriots,0,0.2999999999999998,-1.6,-0.5800000000000001,1,20,4
4084,2017,6,Redskins,49ers,1,3.500000000000001,-1.4000000000000004,0.16999999999999993,1,-24,-2
4085,2017,6,Ravens,Bears,0,-2.5,0.5,-0.08999999999999986,1,-9,-1
4086,2017,6,Texans,Browns,1,4.4,-2.3999999999999995,1.0499999999999998,-2,-19,-3
4087,2017,6,Cardinals,Buccaneers,1,4.200000000000001,1.0999999999999996,-0.08000000000000007,0,4,0
4088,2017,6,Jaguars,Rams,0,1.2000000000000002,2.0999999999999996,-0.8700000000000001,0,4,2
4089,2017,6,Chiefs,Steelers,0,-3.200000000000001,-3.3000000000000003,-0.72,-1,16,2
4090,2017,7,Raiders,Chargers,0,-1.7999999999999998,2.1,-0.09999999999999987,1,1,0
4091,2017,7,Broncos,Giants,0,0.5999999999999996,-1.8999999999999995,-1.3199999999999998,3,18,1
4092,2017,7,Titans,Colts,1,3.8,0.40000000000000036,1.0699999999999998,0,1,0
4093,2017,7,Raiders,Chiefs,1,-1.1999999999999993,0.10000000000000053,-0.22999999999999998,0,-11,-1
4094,2017,7,Bills,Buccaneers,1,-0.6999999999999993,2.4000000000000004,0.2799999999999998,-2,1,0
4095,2017,7,Bears,Panthers,1,6.699999999999999,-1.0,1.6199999999999999,-3,-4,-1
4096,2017,7,Browns,Titans,0,0.0,0.0,-0.25,2,3,0
4097,2017,7,Packers,Saints,0,-5.3,3.0,-0.6599999999999999,-1,1,0
4098,2017,7,Colts,Jaguars,0,-8.5,-0.2999999999999998,-2.45,-2,64,9
4099,2017,7,Rams,Cardinals,1,0.9000000000000004,2.8000000000000003,3.0,-1,-10,-2
4100,2017,7,Dolphins,Jets,1,1.4999999999999991,-2.1,0.3799999999999999,0,-7,0
4101,2017,7,Vikings,Ravens,1,2.3999999999999995,1.8999999999999995,0.95,1,-42,-5
4102,2017,7,49ers,Cowboys,0,-3.799999999999999,-1.5,-2.33,3,48,5
4103,2017,7,Giants,Seahawks,0,-4.799999999999999,-0.6999999999999997,-1.42,0,-10,0
4104,2017,8,Steelers,Bengals,1,7.1,-0.7000000000000002,1.37,-2,-32,-4
4105,2017,8,Chargers,Broncos,1,1.0,-0.5,1.75,-3,-4,-2
4106,2017,8,Patriots,Falcons,1,1.5000000000000009,-1.0,2.0,0,-2,1
4107,2017,8,Eagles,Redskins,1,3.1000000000000005,-0.40000000000000036,0.8300000000000001,0,-10,-1
4108,2017,8,Ravens,Dolphins,1,2.1,2.0000000000000004,3.33,-2,-25,-3
4109,2017,8,Browns,Vikings,0,-2.0,2.6,-1.13,1,17,2
4110,2017,8,Bills,Raiders,1,-0.3000000000000007,0.6000000000000001,1.8199999999999998,-4,0,0
4111,2017,8,Bengals,Colts,1,2.0,-1.2999999999999998,0.48,1,8,-1
4112,2017,8,Patriots,Chargers,1,0.2999999999999998,-4.5,0.8,-1,-4,2
4113,2017,8,Saints,Bears,1,5.499999999999999,-1.6999999999999997,0.5799999999999998,1,-1,0
4114,2017,8,Jets,Falcons,0,-1.2999999999999998,-2.4000000000000004,-0.25,-1,13,2
4115,2017,8,Eagles,49ers,1,2.0,-0.2999999999999998,1.83,-1,-4,-1
4116,2017,8,Buccaneers,Panthers,0,0.2999999999999998,0.6999999999999997,-1.17,2,16,3
4117,2017,8,Seahawks,Texans,1,-1.299999999999999,-2.6,0.2200000000000002,-2,-29,-3
4118,2017,9,Redskins,Cowboys,0,-0.20000000000000018,-1.0,-1.54,2,22,2
4119,2017,9,Lions,Steelers,0,-1.0999999999999996,0.6000000000000001,-0.30999999999999983,-1,12,2
4120,2017,9,Chiefs,Broncos,1,1.0,-2.7,0.7099999999999997,-3,-6,-2
4121,2017,9,Jets,Bills,1,0.7000000000000002,1.8000000000000003,1.0,-3,-38,-6
4122,2017,9,Titans,Ravens,1,1.5,0.10000000000000009,0.09999999999999987,-1,23,1
4123,2017,9,Saints,Buccaneers,1,5.5,1.2000000000000002,2.09,1,-15,-3
4124,2017,9,Giants,Rams,0,-8.6,0.09999999999999964,-2.94,3,12,2
4125,2017,9,Eagles,Broncos,1,2.9000000000000004,3.5,1.7200000000000002,-1,-5,-1
4126,2017,9,Panthers,Falcons,1,-2.5,2.4,0.25,1,-3,-1
4127,2017,9,Jaguars,Bengals,1,0.20000000000000018,2.0,2.1799999999999997,1,-17,-2
4128,2017,9,Texans,Colts,0,-4.9,1.2000000000000002,-0.3999999999999999,0,-4,-1
4129,2017,9,49ers,Cardinals,0,-1.5,-0.19999999999999973,-0.6200000000000001,0,28,5
4130,2017,9,Seahawks,Redskins,0,0.20000000000000018,3.0999999999999996,-0.31000000000000005,1,-46,-4
4131,2017,9,Cowboys,Chiefs,1,-0.09999999999999964,0.6000000000000001,1.41,-1,-3,-1
4132,2017,10,Dolphins,Raiders,0,-2.4000000000000004,1.6999999999999997,-0.27,-1,-3,0
4133,2017,10,Packers,Lions,0,-4.6,2.6999999999999997,-1.86,-1,4,2
4134,2017,10,Cardinals,Seahawks,0,-1.1999999999999993,-1.9,-0.45999999999999996,1,-9,-3
4135,2017,10,Bills,Saints,0,-2.8000000000000007,-1.6000000000000005,-3.2699999999999996,0,6,2
4136,2017,10,Bears,Packers,0,0.40000000000000036,-1.0999999999999996,-0.6399999999999999,1,-1,2
4137,2017,10,Lions,Browns,1,4.000000000000001,-0.5999999999999996,1.4500000000000002,-1,-17,0
4138,2017,10,Titans,Bengals,1,-1.8999999999999995,1.2000000000000002,0.31000000000000005,0,18,3
4139,2017,10,Colts,Steelers,0,0.7999999999999989,-0.5,-0.25,0,18,2
4140,2017,10,Buccaneers,Jets,1,-0.2999999999999998,0.0,0.42000000000000004,-1,-37,-5
4141,2017,10,Redskins,Vikings,0,-3.5,-0.2999999999999998,-0.7200000000000002,-1,14,1
4142,2017,10,Jaguars,Chargers,1,-1.2000000000000002,2.1,0.11999999999999988,0,10,3
4143,2017,10,Rams,Texans,1,3.5,0.6000000000000001,2.0,-4,-5,0
4144,2017,10,Falcons,Cowboys,1,2.8,-1.1999999999999997,2.0,-1,-39,-7
4145,2017,10,49ers,Giants,1,4.5,0.5999999999999996,1.0,1,-13,-3
4146,2017,11,Broncos,Patriots,0,-1.2999999999999998,0.8000000000000003,-2.4999999999999996,2,-6,-1
4147,2017,11,Panthers,Dolphins,1,1.5,2.299999999999999,2.4,-1,0,0
4148,2017,11,Steelers,Titans,1,-1.5,0.6000000000000001,2.02,-4,-27,-2
4149,2017,11,Bears,Lions,0,-3.4000000000000004,4.7,-0.52,0,-9,-2
4150,2017,11,Browns,Jaguars,0,-0.5999999999999996,-0.40000000000000036,-0.8,4,36,3
4151,2017,11,Packers,Ravens,0,-0.5,0.7999999999999998,-1.64,4,27,3
4152,2017,11,Dolphins,Buccaneers,0,1.8999999999999995,2.2,-0.96,5,-7,0
4153,2017,11,Vikings,Rams,1,1.8000000000000007,2.3000000000000003,1.7,-1,-16,-2
4154,2017,11,Saints,Redskins,1,-0.3000000000000007,2.3,0.27,1,-12,0
4155,2017,11,Giants,Chiefs,1,0.10000000000000053,-1.0999999999999996,0.25,-2,-1,-1
4156,2017,11,Texans,Cardinals,1,-0.20000000000000018,1.1999999999999997,0.8799999999999999,0,-6,-1
4157,2017,11,Chargers,Bills,1,2.0,-3.7,2.65,-6,-3,0
4158,2017,11,Broncos,Bengals,0,-0.09999999999999964,1.4,-0.25,2,12,1
4159,2017,11,Raiders,Patriots,0,-4.2,0.7999999999999998,-2.78,2,-6,0
4160,2017,11,Cowboys,Eagles,0,-2.7,-2.4000000000000004,-2.39,4,32,4
4161,2017,11,Seahawks,Falcons,0,-1.7999999999999998,2.9000000000000004,-0.5800000000000001,1,25,2
4162,2017,12,Lions,Vikings,0,-2.3999999999999995,0.20000000000000018,-0.41000000000000014,2,4,1
4163,2017,12,Cowboys,Chargers,0,-6.999999999999999,1.5,-2.75,2,11,2
4164,2017,12,Redskins,Giants,1,3.3,0.3999999999999999,0.6599999999999999,0,14,2
4165,2017,12,Falcons,Buccaneers,1,3.8999999999999995,1.2000000000000002,1.5599999999999996,1,-4,-1
4166,2017,12,Bengals,Browns,1,0.09999999999999964,-0.40000000000000036,1.55,0,-27,-3
4167,2017,12,Colts,Titans,0,-1.7000000000000002,0.40000000000000036,-0.21999999999999997,-1,31,8
4168,2017,12,Chiefs,Bills,0,-0.7000000000000002,0.10000000000000009,-0.45999999999999996,1,-1,0
4169,2017,12,Patriots,Dolphins,1,3.4000000000000004,1.7000000000000002,1.14,-1,-55,-6
4170,2017,12,Jets,Panthers,0,2.3,-0.20000000000000018,-0.99,1,11,0
4171,2017,12,Eagles,Bears,1,2.2,4.8999999999999995,2.57,1,-9,-1
4172,2017,12,49ers,Seahawks,0,-1.7999999999999998,0.5,-0.8500000000000001,0,23,3
4173,2017,12,Raiders,Broncos,1,5.6,-0.5,0.5800000000000001,0,-21,-3
4174,2017,12,Rams,Saints,1,0.40000000000000036,-3.7,0.34999999999999987,1,4,1
4175,2017,12,Cardinals,Jaguars,1,2.3000000000000003,-0.5999999999999996,0.09000000000000008,-1,-27,-2
4176,2017,12,Steelers,Packers,1,-1.0999999999999996,1.7000000000000002,0.27,3,-8,-3
4177,2017,12,Ravens,Texans,1,-1.7000000000000002,1.9,0.5899999999999999,-3,-7,-1
4178,2017,13,Cowboys,Redskins,1,-1.8999999999999995,1.4,2.18,-4,-18,-3
4179,2017,13,Falcons,Vikings,0,-0.9000000000000004,1.1999999999999997,-0.43999999999999995,0,-20,-2
4180,2017,13,Bills,Patriots,0,-5.6,1.5,-1.9999999999999998,0,16,1
4181,2017,13,Bears,49ers,0,-1.7999999999999998,0.09999999999999964,-0.1299999999999999,-1,2,0
4182,2017,13,Packers,Buccaneers,1,-3.7,2.2,0.3599999999999999,0,-33,-5
4183,2017,13,Titans,Texans,1,-0.5,5.5,1.49,0,-30,-2
4184,2017,13,Dolphins,Broncos,1,2.8000000000000007,0.2999999999999998,1.5899999999999999,0,-20,-1
4185,2017,13,Jets,Chiefs,1,-1.8000000000000007,-6.999999999999999,0.6999999999999997,0,-4,-2
4186,2017,13,Jaguars,Colts,1,5.1,-1.8000000000000003,2.2199999999999998,-2,-17,-3
4187,2017,13,Ravens,Lions,1,-1.0999999999999996,0.5,1.8399999999999999,-3,-22,-3
4188,2017,13,Chargers,Browns,1,1.5,-0.20000000000000018,0.8599999999999999,-2,-4,-2
4189,2017,13,Raiders,Giants,1,1.8999999999999995,1.3999999999999995,0.43000000000000016,-1,-7,-2
4190,2017,13,Saints,Panthers,1,1.4000000000000004,0.39999999999999947,0.6700000000000002,0,1,0
4191,2017,13,Cardinals,Rams,0,-1.1000000000000005,1.2999999999999998,-1.58,1,27,6
4192,2017,13,Seahawks,Eagles,1,-0.5999999999999996,0.20000000000000018,1.4,-2,-3,-1
4193,2017,13,Bengals,Steelers,0,-0.7999999999999998,1.7000000000000002,-0.07999999999999963,-1,3,1
4194,2017,14,Falcons,Saints,1,0.5,0.30000000000000027,0.30000000000000004,2,-5,-1
4195,2017,14,Bills,Colts,1,2.9,1.0,0.42000000000000004,2,-5,-1
4196,2017,14,Bengals,Bears,0,-3.3999999999999995,-0.6999999999999993,-2.36,2,3,1
4197,2017,14,Browns,Packers,0,1.9000000000000004,1.9,-0.6000000000000001,2,-4,1
4198,2017,14,Chiefs,Raiders,1,2.3,-1.4000000000000004,0.9199999999999999,-2,12,1
4199,2017,14,Giants,Cowboys,0,-6.1,-0.3999999999999999,-1.48,2,0,0
4200,2017,14,Buccaneers,Lions,0,-1.6999999999999993,1.9,-0.3799999999999999,2,18,3
4201,2017,14,Panthers,Vikings,1,-0.5999999999999996,1.2000000000000002,0.3599999999999999,-2,-16,-4
4202,2017,14,Texans,49ers,0,-3.7,0.6000000000000001,-0.6699999999999999,0,-3,1
4203,2017,14,Broncos,Jets,1,4.1,-0.20000000000000018,1.92,-2,-8,-2
4204,2017,14,Cardinals,Titans,1,0.2999999999999998,1.7000000000000002,0.42000000000000004,-2,33,5
4205,2017,14,Chargers,Redskins,1,4.199999999999999,1.9,1.23,0,-7,0
4206,2017,14,Rams,Eagles,0,1.3999999999999995,2.1000000000000005,-0.6600000000000001,1,-16,0
4207,2017,14,Jaguars,Seahawks,1,1.5,-1.9000000000000004,0.29000000000000004,-2,-11,-2
4208,2017,14,Steelers,Ravens,1,-0.09999999999999964,-2.0999999999999996,0.3799999999999999,-1,12,2
4209,2017,14,Dolphins,Patriots,1,1.2000000000000002,1.5,0.3899999999999999,-2,11,0
4210,2017,15,Colts,Broncos,0,-4.3999999999999995,-1.3999999999999995,-1.3399999999999999,-1,-10,-1
4211,2017,15,Lions,Bears,1,-0.6000000000000005,1.6999999999999997,0.8200000000000001,-2,27,2
4212,2017,15,Chiefs,Chargers,1,1.6000000000000005,0.9000000000000004,1.82,-4,-10,-1
4213,2017,15,Bills,Dolphins,1,2.2,-0.8999999999999999,0.8500000000000001,-3,-13,-1
4214,2017,15,Browns,Ravens,0,-2.8999999999999995,3.6999999999999997,-1.62,4,1,1
4215,2017,15,Vikings,Bengals,1,4.800000000000001,1.3000000000000003,2.08,-1,-3,-1
4216,2017,15,Saints,Jets,1,3.3999999999999995,0.2999999999999998,0.9199999999999999,1,-9,-1
4217,2017,15,Giants,Eagles,0,1.4000000000000004,-0.7000000000000002,-0.41000000000000014,1,1,0
4218,2017,15,Redskins,Cardinals,1,3.7,-2.4999999999999996,0.52,-1,-35,-4
4219,2017,15,Panthers,Packers,1,1.6999999999999993,-2.3,0.6399999999999997,-4,-20,-2
4220,2017,15,Jaguars,Texans,1,7.999999999999999,-0.49999999999999956,2.71,-1,-29,-3
4221,2017,15,Seahawks,Rams,0,-2.3000000000000003,-1.1000000000000005,-2.5300000000000002,1,55,5
4222,2017,15,Steelers,Patriots,0,0.9000000000000004,0.5,-0.03000000000000025,0,-4,0
4223,2017,15,49ers,Titans,1,1.2000000000000002,-0.9000000000000004,-0.10000000000000009,-1,15,2
4224,2017,15,Raiders,Cowboys,0,-3.0999999999999996,1.2000000000000002,-0.3300000000000003,-1,-8,-2
4225,2017,15,Buccaneers,Falcons,0,1.6000000000000005,-1.0,-0.5699999999999998,1,7,1
4226,2017,16,Ravens,Colts,1,-0.40000000000000036,-0.6999999999999997,0.78,0,5,-1
4227,2017,16,Packers,Vikings,0,-1.7999999999999998,1.3000000000000003,-1.33,2,-11,-2
4228,2017,16,Bears,Browns,1,2.0999999999999996,-0.6999999999999997,1.42,-3,28,4
4229,2017,16,Bengals,Lions,1,0.0,0.20000000000000018,0.6199999999999999,0,2,1
4230,2017,16,Titans,Rams,0,-0.39999999999999947,-0.7999999999999998,0.009999999999999787,0,-9,0
4231,2017,16,Chiefs,Dolphins,1,0.20000000000000018,-0.7000000000000002,1.4600000000000002,-2,3,1
4232,2017,16,Patriots,Bills,1,1.3999999999999995,1.5999999999999996,1.9200000000000002,1,-33,-4
4233,2017,16,Saints,Falcons,1,0.8999999999999995,-0.6000000000000001,0.9199999999999999,-1,-14,-4
4234,2017,16,Jets,Chargers,0,-3.7,3.5999999999999996,-0.6699999999999999,3,21,3
4235,2017,16,Redskins,Broncos,1,3.5999999999999996,-2.5,1.23,-1,-22,-4
4236,2017,16,Panthers,Buccaneers,1,-6.699999999999999,0.9000000000000004,0.10000000000000009,-2,-21,-4
4237,2017,16,49ers,Jaguars,1,0.3000000000000007,0.40000000000000036,1.46,-2,2,0
4238,2017,16,Cowboys,Seahawks,0,1.6,1.7999999999999998,-0.8199999999999998,3,-6,1
4239,2017,16,Cardinals,Giants,1,0.5,0.5,1.77,-1,2,0
4240,2017,16,Texans,Steelers,0,-4.5,2.5999999999999996,-2.4899999999999998,2,42,7
4241,2017,16,Eagles,Raiders,1,-1.1,-0.5,0.6900000000000001,-3,22,1
4242,2017,17,Lions,Packers,1,5.7,-1.5999999999999996,1.8399999999999999,-4,-22,-2
4243,2017,17,Colts,Texans,1,-1.0,0.9999999999999996,1.14,-1,-3,-1
4244,2017,17,Vikings,Bears,1,1.6000000000000005,2.0999999999999996,0.86,0,2,1
4245,2017,17,Patriots,Jets,1,-1.2000000000000002,1.7999999999999998,1.71,0,-13,-2
4246,2017,17,Giants,Redskins,1,0.5999999999999996,2.1000000000000005,0.5299999999999999,-2,-11,-1
4247,2017,17,Eagles,Cowboys,0,-1.2999999999999998,-0.10000000000000009,-0.55,1,17,2
4248,2017,17,Steelers,Browns,1,-0.7999999999999989,0.6000000000000005,0.1499999999999999,0,-27,-3
4249,2017,17,Falcons,Panthers,1,2.2,-1.3000000000000003,0.86,-3,-13,-1
4250,2017,17,Broncos,Chiefs,0,-0.20000000000000018,-0.2999999999999998,-0.050000000000000266,1,13,3
4251,2017,17,Titans,Jaguars,1,1.2000000000000002,-0.5,0.17000000000000004,-3,6,1
4252,2017,17,Rams,49ers,0,-4.4,-1.8000000000000003,-1.75,-1,20,3
4253,2017,17,Dolphins,Bills,0,-0.9000000000000004,0.30000000000000027,-0.7500000000000002,1,-10,-3
4254,2017,17,Chargers,Raiders,1,2.1000000000000014,-0.7999999999999998,2.0,-2,-5,-1
4255,2017,17,Seahawks,Cardinals,0,2.5,1.0999999999999996,-0.15000000000000013,-1,24,2
4256,2017,17,Buccaneers,Saints,1,-0.9000000000000004,0.3999999999999999,0.7000000000000002,2,4,0
4257,2017,17,Ravens,Bengals,0,-0.7000000000000002,-0.40000000000000036,-0.2699999999999998,0,0,0
4258,2018,18,Chiefs,Titans,0,1.5,-2.2,-0.10000000000000009,-2,-2,2
4259,2018,18,Rams,Falcons,0,-1.0999999999999996,4.0,-0.8200000000000001,2,-7,0
4260,2018,18,Jaguars,Bills,1,0.0,0.5,0.58,-2,-3,0
4261,2018,18,Saints,Panthers,1,3.6999999999999993,-2.1999999999999997,0.45999999999999996,1,-36,-3
4262,2018,19,Eagles,Falcons,1,2.5,-1.2999999999999998,0.5599999999999998,2,-7,-2
4263,2018,19,Patriots,Titans,1,0.9000000000000004,-0.39999999999999947,1.7800000000000002,0,-52,-8
4264,2018,19,Steelers,Jaguars,0,-0.1999999999999993,-0.10000000000000053,-0.25,2,7,2
4265,2018,19,Vikings,Saints,1,0.9000000000000004,0.0,0.41999999999999993,-1,-6,0
4266,2018,20,Patriots,Jaguars,1,0.0,-0.8000000000000003,0.33000000000000007,1,-8,0
4267,2018,20,Eagles,Vikings,1,5.0,-0.19999999999999973,3.4399999999999995,-3,-2,0
4268,2018,21,Patriots,Eagles,0,1.6999999999999993,-1.0,-1.0999999999999996,0,5,1
